address,development_name,current_apts,total_apts,transferred_date
1 TAPSCOTT STREET,,,,
100 SOUTH 10 STREET,BERRY STREET-SOUTH 9TH STREET,,,
101 SCHOLES STREET,,,,
101 STAGG WALK,,,,
1010 EAST 178TH STREET,,218,220,6/24/25
103 WEST 143 STREET,,,,
104 TAPSCOTT STREET,,28,30,11/28/23
105 PALMETTO STREET,,,,
105 WEST 143 STREET,,,,
106 STAGG WALK,,,,
1065 CASTLETON AVENUE,,,,
1075 CASTLETON AVENUE,,,,
1077 CASTLETON AVENUE,,,,
108 MAUJER STREET,,,,
108 STAGG WALK,,,,
1083 CASTLETON AVENUE,,,,
1085 ANDERSON AVENUE,,,,
1085 CASTLETON AVENUE,,,,
109 TEN EYCK WALK,,,,
109 WEST 144 STREET,,,,
1096 UNION AVENUE,,,,
1098 UNION AVENUE,,,,
110 MAUJER STREET,,,,
110 STAGG WALK,,,,
110 TAYLOR STREET,,,,
110 TEN EYCK WALK,,,,
110 WEST 139 STREET,,,,
1100 UNION AVENUE,,,,
1102 UNION AVENUE,,,,
1104 UNION AVENUE,,,,
1107 EAST 229 STREET,,,,
111 SCHOLES STREET,,,,
111 TEN EYCK WALK,,,,
111 TEN EYCK WALK,,,,
111 WEST 90 STREET,,,,
1111 EAST 229 STREET,,,,
1111 PROSPECT AVENUE,,,,
1113 PROSPECT AVENUE,,,,
1115 CASTLETON AVENUE,,,,
1115 EAST 225 STREET,,,,
1115 PROSPECT AVENUE,,,,
112 MAUJER STREET,,,,
112 STAGG WALK,,,,
112 TEN EYCK WALK,,,,
112 WEST 139 STREET,,,,
1120 EAST 229 STREET,,,,
1121 EAST 225 STREET,,,,
1125 229 DRIVE NORTH,,,,
1125 NELSON AVENUE,,,,
1126 229 DRIVE NORTH,,,,
1127 229 DRIVE NORTH,,,,
1127 NELSON AVENUE,,,,
1128 EAST 229 STREET,,,,
113 SCHOLES STREET,,,,
113 TEN EYCK WALK,,,,
113 WEST 143 STREET,,,,
113 WEST 144 STREET,,,,
1130 226 DRIVE,,,,
1130 229 DRIVE SOUTH,,,,
1131 226 DRIVE,,,,
1132 229 DRIVE SOUTH,,,,
1135 226 DRIVE,,,,
1135 229 DRIVE SOUTH,,,,
1135 EAST 229 STREET,,,,
1135 NELSON AVENUE,,,,
1135 PROSPECT AVENUE,,,,
1137 229 DRIVE NORTH,,,,
1138 226 DRIVE,,,,
1138 229 DRIVE SOUTH,,,,
1139 229 DRIVE NORTH,,,,
1139 NELSON AVENUE,,,,
114 EAST 123 STREET,,,,
114 MAUJER STREET,,,,
114 STAGG WALK,,,,
114 TAPSCOTT STREET,,,,
114 TAYLOR STREET,,,,
114 TEN EYCK WALK,,,,
114 WEST 139 STREET,,,,
114 WEST 91 STREET,,,,
1140 EAST 229 STREET,,,,
1141 226 DRIVE,,,,
1141 EAST 229 STREET,,,,
1142 LENOX ROAD,,,,
1144 LENOX ROAD,,,,
1144 NELSON AVENUE,,,,
1145 226 DRIVE,,,,
1145 EAST 229 STREET,,,,
1145 LENOX ROAD,,,,
1146 229 DRIVE NORTH,,,,
1147 229 DRIVE NORTH,,,,
1149 229 DRIVE NORTH,,,,
115 EAST 122 STREET,,,,
115 SCHOLES STREET,,,,
1150 EAST 229 STREET,,,,
1150 UNION AVENUE,,,,
1151 226 DRIVE,,,,
1151 EAST 229 STREET,,,,
1152 UNION AVENUE,,,,
1153 229 DRIVE SOUTH,,,,
1154 229 DRIVE SOUTH,,,,
1155 229 DRIVE SOUTH,,,,
1155 EAST 225 STREET,,,,
1159 229 DRIVE NORTH,,,,
116 EAST 123 STREET,,,,
116 WEST 139 STREET,,,,
1160 229 DRIVE SOUTH,,,,
1160 GRENADA PLACE,,,,
1161 229 DRIVE NORTH,,,,
1161 EAST 225 STREET,,,,
1165 226 DRIVE,,,,
1165 EAST 229 STREET,,,,
1166 GRENADA PLACE,,,,
1169 226 DRIVE,,,,
117 WEST 144 STREET,,,,
117 WEST 90 STREET,,,,
1170 229 DRIVE SOUTH,,,,
1173 229 DRIVE NORTH,,,,
1175 EAST 225 STREET,,,,
1175 EAST 229 STREET,,,,
1180 EAST NEW YORK AVENUE,,,,
1180 GRENADA PLACE,,,,
1181 EAST 225 STREET,,,,
1182 NELSON AVENUE,,,,
1183 226 DRIVE,,,,
1184 NELSON AVENUE,,,,
1186 EAST NEW YORK AVENUE,,,,
1186 GRENADA PLACE,,,,
1187 226 DRIVE,,,,
1189 229 DRIVE NORTH,,,,
119 TAYLOR STREET,,,,
119 WILSON STREET,,,,
1195 EAST 225 STREET,,,,
1195 EAST 229 STREET,,,,
1196 EAST NEW YORK AVENUE,,,,
120 EAST 123 STREET,,,,
120 MENAHAN STREET,,,,
120 WEST 140 STREET,,,,
120 WEST 91 STREET,,,,
1201 GATES AVENUE,,,,
121 WILSON STREET,,,,
1210 GATES AVENUE,,,,
122 BUSHWICK AVENUE,,,,
1220 EAST 229 STREET,,,,
1221 PROSPECT AVENUE,,,,
1225 EAST 225 STREET,BAYCHESTER,440,441,12/27/18
1229 GREENE AVENUE,,,,
123 STAGG WALK,,,,
123 TAYLOR STREET,,,,
123 TEN EYCK WALK,,,,
1230 GATES AVENUE,,,,
124 BUSHWICK AVENUE,,,,
124 MAUJER STREET,,,,
124 WEST 91 STREET,,,,
1240 GATES AVENUE,,,,
1240 GREENE AVENUE,,,,
125 PALMETTO STREET,,,,
125 STAGG WALK,,,,
125 TAYLOR STREET,,,,
125 TEN EYCK WALK,,,,
125 WEST 144 STREET,,,,
125 WEST 166 STREET,,,,
1259 GREENE AVENUE,,,,
126 MAUJER STREET,,,,
1260 GATES AVENUE,,,,
127 TEN EYCK WALK,,,,
128 BUSHWICK AVENUE,,,,
128 CLYMER STREET,,,,
128 MAUJER STREET,,,,
1280 GREENE AVENUE,,,,
129 TEN EYCK WALK,,,,
129 WEST 142 STREET,,,,
129 WEST 144 STREET,,,,
13 TAPSCOTT STREET,,,,
130 BUSHWICK AVENUE,,,,
130 CLYMER STREET,,,,
130 WEST 166 STREET,,,,
1300 GATES AVENUE,,,,
131 TEN EYCK WALK,,,,
131 WEST 143 STREET,,,,
1315 FRANKLIN AVENUE,,,,
132 BUSHWICK AVENUE,,,,
1320 GATES AVENUE,,,,
1325 FRANKLIN AVENUE,,,,
133 WEST 144 STREET,,,,
133 WEST 90 STREET,,,,
134 BUSHWICK AVENUE,,,,
134 WEST 166 STREET,,,,
135 WEST 143 STREET,,,,
136 BUSHWICK AVENUE,,,,
136 WEST 139 STREET,,,,
136 WEST 91 STREET,,,,
1367 SAINT MARKS AVENUE,,,,
1371 SAINT MARKS AVENUE,,,,
1373 FRANKLIN AVENUE,,,,
1375 FRANKLIN AVENUE,,,,
1377 FRANKLIN AVENUE,,,,
1379 FRANKLIN AVENUE,,,,
138 BUSHWICK AVENUE,,,,
138 WEST 139 STREET,,,,
1381 FRANKLIN AVENUE,,,,
1383 FRANKLIN AVENUE,,,,
1385 FRANKLIN AVENUE,,,,
1387 GATES AVENUE,,,,
1389 GATES AVENUE,,,,
139 HARMAN STREET,,,,
139 SCHOLES STREET,,,,
1390 FRANKLIN AVENUE,,,,
1392 FRANKLIN AVENUE,,,,
1393 GATES AVENUE,,,,
1394 FRANKLIN AVENUE,,,,
1397 GATES AVENUE,,,,
140 CLYMER STREET,,,,
140 HARMAN STREET,,,,
140 HIMROD STREET,,,,
140 MENAHAN STREET,,,,
141 WEST 142 STREET,,,,
141 WEST 90 STREET,,,,
1411 GATES AVENUE,,,,
1414 AMSTERDAM AVENUE,,,,
1415 GATES AVENUE,,,,
142 MAUJER STREET,,,,
1420 AMSTERDAM AVENUE,,,,
143 PALMETTO STREET,,,,
143 TEN EYCK WALK,,,,
143 WEST 142 STREET,,,,
143 WEST 143 STREET,,,,
1430 AMSTERDAM AVENUE,,,,
144 MAUJER STREET,,,,
144 WEST 141 STREET,,,,
1448 STERLING PLACE,,,,
145 TEN EYCK WALK,,,,
145 WEST 142 STREET,,,,
145 WEST 143 STREET,,,,
1452 STERLING PLACE,,,,
146 MAUJER STREET,,,,
1468 PARK PLACE,,,,
147 TEN EYCK WALK,,,,
1470 AMSTERDAM AVENUE,,,,
1474 PARK PLACE,,,,
148 WEST 144 STREET,,,,
1480 PARK PLACE,,,,
1481 EASTERN PARKWAY,,,,
1483 EASTERN PARKWAY,,,,
1483 SAINT JOHNS PLACE,,,,
1484 PARK PLACE,,,,
1485 EASTERN PARKWAY,,,,
1487 SAINT JOHNS PLACE,,,,
149 TEN EYCK WALK,,,,
149 WEST 142 STREET,,,,
1491 SAINT JOHNS PLACE,,,,
1504 AMSTERDAM AVENUE,,,,
1506 STERLING PLACE,,,,
151 TEN EYCK WALK,,,,
151 WEST 142 STREET,,,,
151 WEST 143 STREET,,,,
1511 STERLING PLACE,,,,
152 MAUJER STREET,,,,
1521 STERLING PLACE,,,,
1522 STERLING PLACE,,,,
1525 FULTON AVENUE,,,,
153 WEST 142 STREET,,,,
1531 FULTON AVENUE,,,,
1535 FULTON AVENUE,,,,
1545 FULTON AVENUE,,,,
155 ALASKA STREET,,,,
155 ELDERT STREET,,,,
155 WEST 142 STREET,,,,
155 WEST 143 STREET,,,,
155 WORTMAN AVENUE,,,,
1568 STERLING PLACE,,,,
157 ALASKA STREET,,,,
157 WEST 142 STREET,,,,
157 WEST 143 STREET,,,,
1575 DEAN STREET,,,,
1578 STERLING PLACE,,,,
158 WEST 144 STREET,,,,
1585 DEAN STREET,,,,
1588 STERLING PLACE,,,,
159 ALASKA STREET,,,,
159 SCHOLES STREET,,,,
159 WEST 143 STREET,,,,
1595 DEAN STREET,,,,
1598 STERLING PLACE,,,,
160 HIMROD STREET,,,,
160 MAUJER STREET,,,,
160 MENAHAN STREET,,,,
160 STAGG WALK,,,,
1605 DEAN STREET,,,,
161 PALMETTO STREET,,,,
161 SCHOLES STREET,,,,
161 TEN EYCK WALK,,,,
1615 DEAN STREET,,,,
162 MAUJER STREET,,,,
162 WEST 144 STREET,,,,
1620 PACIFIC STREET,,,,
1625 DEAN STREET,,,,
1629 PARK PLACE,,,,
163 SCHOLES STREET,,,,
163 TEN EYCK WALK,,,,
163 WEST 143 STREET,,,,
1630 PACIFIC STREET,,,,
1630 PARK PLACE,,,,
1634 STERLING PLACE,,,,
1636 PARK PLACE,,,,
164 MAUJER STREET,,,,
164 TEN EYCK WALK,,,,
164 WEST 144 STREET,,,,
164 WEST 147 STREET,,,,
1640 PACIFIC STREET,,,,
1640 PARK PLACE,,,,
1640 STERLING PLACE,,,,
1642 PACIFIC STREET,,,,
1646 PARK PLACE,,,,
1649 SAINT JOHNS PLACE,,,,
165 SCHOLES STREET,,,,
165 TEN EYCK WALK,,,,
1650 PACIFIC STREET,,,,
1651 SAINT JOHNS PLACE,,,,
1659 SAINT JOHNS PLACE,,,,
166 TEN EYCK WALK,,,,
1660 PACIFIC STREET,,,,
167 SCHOLES STREET,,,,
167 TEN EYCK WALK,,,,
167 WEST 143 STREET,,,,
1670 PACIFIC STREET,,,,
1672 PACIFIC STREET,,,,
1679 SAINT JOHNS PLACE,,,,
168 TEN EYCK WALK,,,,
1681 SAINT JOHNS PLACE,,,,
1683 SAINT JOHNS PLACE,,,,
1685 SAINT JOHNS PLACE,,,,
1687 SAINT JOHNS PLACE,,,,
1689 SAINT JOHNS PLACE,,,,
169 SCHOLES STREET,,,,
169 STAGG WALK,,,,
169 TEN EYCK WALK,,,,
1691 SAINT JOHNS PLACE,,,,
1693 SAINT JOHNS PLACE,,,,
1695 SAINT JOHNS PLACE,,,,
1697 SAINT JOHNS PLACE,,,,
17 TAPSCOTT STREET,,,,
170 PALMETTO STREET,,,,
170 TAPSCOTT STREET,,,,
1701 SAINT JOHNS PLACE,,,,
1702 STERLING PLACE,,,,
1703 SAINT JOHNS PLACE,,,,
171 SCHOLES STREET,,,,
1710 LAFAYETTE AVENUE,,,,
1716 STERLING PLACE,,,,
172 BUSHWICK AVENUE,,,,
172 MENAHAN STREET,,,,
1720 STERLING PLACE,,,,
1722 STERLING PLACE,,,,
1724 STERLING PLACE,,,,
1726 STERLING PLACE,,,,
1728 STERLING PLACE,,,,
173 WEST 140 STREET,,,,
173 WEST 151 STREET,,,,
1730 STERLING PLACE,,,,
1732 STERLING PLACE,,,,
1734 STERLING PLACE,,,,
1736 STERLING PLACE,,,,
1737 SAINT JOHNS PLACE,,,,
1738 STERLING PLACE,,,,
174 LEONARD STREET,,,,
1740 STERLING PLACE,,,,
1745 SAINT JOHNS PLACE,,,,
1747 SAINT JOHNS PLACE,,,,
1749 SAINT JOHNS PLACE,,,,
175 TAPSCOTT STREET,,,,
1751 SAINT JOHNS PLACE,,,,
1753 SAINT JOHNS PLACE,,,,
1755 SAINT JOHNS PLACE,,,,
1757 SAINT JOHNS PLACE,,,,
1758 STERLING PLACE,,,,
176 BUSHWICK AVENUE,,,,
176 LEONARD STREET,,,,
176 MAUJER STREET,,,,
176 MENAHAN STREET,,,,
1761 STERLING PLACE,,,,
1763 STERLING PLACE,,,,
1764 STERLING PLACE,,,,
1765 STERLING PLACE,,,,
1766 STERLING PLACE,,,,
1767 STERLING PLACE,,,,
1768 STERLING PLACE,,,,
177 WEST 151 STREET,,,,
1770 STERLING PLACE,,,,
1772 STERLING PLACE,,,,
1774 STERLING PLACE,,,,
1776 STERLING PLACE,,,,
178 BUSHWICK AVENUE,,,,
178 LEONARD STREET,,,,
178 MAUJER STREET,,,,
178 STAGG WALK,,,,
1790 STERLING PLACE,,,,
1792 STERLING PLACE,,,,
1794 STERLING PLACE,,,,
1796 STERLING PLACE,,,,
1798 STERLING PLACE,,,,
180 MAUJER STREET,,,,
180 PALMETTO STREET,,,,
180 STAGG WALK,,,,
180 WEST 152 STREET,,,,
180 WORTMAN AVENUE,,,,
1800 STERLING PLACE,,,,
1802 STERLING PLACE,,,,
1804 STERLING PLACE,,,,
1805 CROTONA AVENUE,,,,
1806 STERLING PLACE,,,,
1807 CROTONA AVENUE,,,,
181 SCHOLES STREET,,,,
181 STAGG WALK,,,,
181 WEST 151 STREET,,,,
1810 LAFAYETTE AVENUE,,,,
1810 STERLING PLACE,,,,
1811 CROTONA AVENUE,,,,
1812 STERLING PLACE,,,,
1814 STERLING PLACE,,,,
182 MAUJER STREET,,,,
182 SAINT NICHOLAS AVENUE,,,,
182 STAGG WALK,,,,
182 TAPSCOTT STREET,,,,
182 WEST 152 STREET,,,,
183 SCHOLES STREET,,,,
183 TEN EYCK WALK,,,,
183 WEST 152 STREET,,,,
183 WORTMAN AVENUE,,,,
184 MAUJER STREET,,,,
184 STAGG WALK,,,,
184 TAPSCOTT STREET,,,,
185 SCHOLES STREET,,,,
185 TAPSCOTT STREET,,,,
185 TEN EYCK WALK,,,,
185 WORTMAN AVENUE,,,,
1851 SCHIEFFELIN PLACE,BAYCHESTER,440,441,12/27/18
1855 SCHIEFFELIN AVENUE,,,,
186 STAGG WALK,,,,
186 TEN EYCK WALK,,,,
186 WEST 152 STREET,,,,
1860 SCHIEFFELIN AVENUE,BAYCHESTER,440,441,12/27/18
1861 SCHIEFFELIN PLACE,BAYCHESTER,440,441,12/27/18
187 TAPSCOTT STREET,,,,
187 TEN EYCK WALK,,,,
187 WEST 152 STREET,,,,
187 WORTMAN AVENUE,,,,
1870 SCHIEFFELIN AVENUE,BAYCHESTER,440,441,12/27/18
1871 SCHIEFFELIN PLACE,BAYCHESTER,440,441,12/27/18
188 MARCY AVENUE,,,,
188 TAPSCOTT STREET,,,,
188 TEN EYCK WALK,,,,
1880 SCHIEFFELIN AVENUE,BAYCHESTER,440,441,12/27/18
1881 SCHIEFFELIN PLACE,BAYCHESTER,440,441,12/27/18
1890 SCHIEFFELIN AVENUE,BAYCHESTER,440,441,12/27/18
1891 SCHIEFFELIN PLACE,BAYCHESTER,440,441,12/27/18
1895 SCHIEFFELIN AVENUE,,,,
190 HARMAN STREET,,,,
190 MARCY AVENUE,,,,
190 PALMETTO STREET,,,,
190 TAPSCOTT STREET,,,,
190 TEN EYCK WALK,,,,
190 WEST 152 STREET,,,,
190 WORTMAN AVENUE,,,,
1900 SCHIEFFELIN AVENUE,,,,
1909 AMSTERDAM AVENUE,AUDOBON,167,168,1/10/23
191 WEST 151 STREET,,,,
191 WOODBINE STREET,,,,
1910 SCHIEFFELIN AVENUE,,,,
192 TAPSCOTT STREET,,,,
1920 SCHIEFFELIN AVENUE,,,,
1930 SCHIEFFELIN AVENUE,,,,
194 TAPSCOTT STREET,,,,
1943 AMSTERDAM AVENUE,,,,
1945 AMSTERDAM AVENUE,,,,
1947 AMSTERDAM AVENUE,,,,
1949 AMSTERDAM AVENUE,,,,
195 COZINE AVENUE,,,,
195 DIVISION AVENUE,,,,
195 GRAHAM AVENUE,,,,
195 LINDEN STREET,,,,
195 SCHOLES STREET,,,,
196 MAUJER STREET,,,,
196 STAGG WALK,,,,
1961 SCHIEFFELIN AVENUE,,,,
1965 SCHIEFFELIN AVENUE,,,,
1968 AMSTERDAM AVENUE,,,,
197 SCHOLES STREET,,,,
197 STAGG WALK,,,,
197 TAPSCOTT STREET,,,,
197 TEN EYCK WALK,,,,
1970 AMSTERDAM AVENUE,,,,
198 MAUJER STREET,,,,
1981 SCHIEFFELIN AVENUE,,,,
1985 SCHIEFFELIN AVENUE,,,,
199 SCHOLES STREET,,,,
199 STAGG WALK,,,,
199 TAPSCOTT STREET,,,,
199 TEN EYCK WALK,,,,
200 MAUJER STREET,,,,
200 PALMETTO STREET,,,,
200 TEN EYCK WALK,,,,
201 SCHOLES STREET,,,,
201 TEN EYCK WALK,,,,
202 GRAHAM AVENUE,,,,
202 TEN EYCK WALK,,,,
2020 PACIFIC STREET,,,,
203 SCHOLES STREET,,,,
203 TEN EYCK WALK,,,,
204 GRAHAM AVENUE,,,,
2041 PACIFIC STREET,,,,
2041 UNION STREET,,,,
2045 UNION STREET,,,,
205 SCHOLES STREET,,,,
205 TEN EYCK WALK,,,,
2055 UNION STREET,,,,
2058 UNION STREET,,,,
206 GRAHAM AVENUE,,,,
2063 UNION STREET,,,,
2065 DEAN STREET,,,,
2067 UNION STREET,,,,
2068 UNION STREET,,,,
2069 UNION STREET,,,,
207 WEST 151 STREET,,,,
2079 UNION STREET,,,,
208 GRAHAM AVENUE,,,,
208 ROCHESTER AVENUE,,,,
209 TAPSCOTT STREET,,,,
210 BROADWAY,,,,
210 GRAHAM AVENUE,,,,
210 PALMETTO STREET,,,,
210 WEST 153 STREET,,,,
2109 AMSTERDAM AVENUE,,,,
211 STAGG WALK,,,,
211 WEST 151 STREET,,,,
2111 AMSTERDAM AVENUE,,,,
212 GRAHAM AVENUE,,,,
213 COZINE AVENUE,,,,
213 STAGG WALK,,,,
214 GRAHAM AVENUE,,,,
214 MAUJER STREET,,,,
214 STAGG WALK,,,,
215 COZINE AVENUE,,,,
215 SCHOLES STREET,,,,
215 STAGG WALK,,,,
215 WORTMAN AVENUE,,,,
2150 LINDEN BOULEVARD,,,,
2155 PITKIN AVENUE,,,,
2156 LINDEN BOULEVARD,,,,
216 MAUJER STREET,,,,
216 STAGG WALK,,,,
2165 PITKIN AVENUE,,,,
217 COZINE AVENUE,,,,
217 SCHOLES STREET,,,,
2175 REEDS MILL LANE,,,,
218 MAUJER STREET,,,,
218 REEDS MILL LANE,,,,
218 ROCHESTER AVENUE,,,,
218 STAGG WALK,,,,
2181 PITKIN AVENUE,,,,
2185 PITKIN AVENUE,,,,
2185 REEDS MILL LANE,,,,
2189 PITKIN AVENUE,,,,
219 SCHOLES STREET,,,,
219 TEN EYCK WALK,,,,
220 LINDEN STREET,,,,
220 MAUJER STREET,,,,
220 STAGG WALK,,,,
220 WEST 152 STREET,,,,
2202 LINDEN BOULEVARD,,,,
221 DIVISION AVENUE,,,,
221 TEN EYCK WALK,,,,
221 WEST 152 STREET,,,,
2211 PITKIN AVENUE,,,,
2215 PITKIN AVENUE,,,,
2219 PITKIN AVENUE,,,,
222 GRAHAM AVENUE,,,,
222 STAGG WALK,,,,
222 TEN EYCK WALK,,,,
2221 PITKIN AVENUE,,,,
223 DIVISION AVENUE,,,,
223 TEN EYCK WALK,,,,
224 LINDEN STREET,,,,
224 TEN EYCK WALK,,,,
224 WEST 152 STREET,,,,
225 BUFFALO AVENUE,,,,
225 DIVISION AVENUE,,,,
225 WEST 152 STREET,,,,
225 WORTMAN AVENUE,,,,
2251 WEBSTER AVENUE,,,,
226 GROVE STREET,,,,
226 TEN EYCK WALK,,,,
226 WEST 152 STREET,,,,
227 DIVISION AVENUE,,,,
2273 WEBSTER AVENUE,,,,
228 LINDEN STREET,,,,
229 WEST 152 STREET,,,,
2291 WEBSTER AVENUE,,,,
230 BROADWAY,,,,
230 GROVE STREET,,,,
230 LINDEN STREET,,,,
230 ROCHESTER AVENUE,,,,
2303 WEBSTER AVENUE,,,,
231 GRAHAM AVENUE,,,,
231 WEST 151 STREET,,,,
232 LINDEN STREET,,,,
232 ROCHESTER AVENUE,,,,
233 GRAHAM AVENUE,,,,
233 STAGG WALK,,,,
234 GROVE STREET,,,,
234 ROCHESTER AVENUE,,,,
234 WEST 152 STREET,,,,
2340 AMSTERDAM AVENUE,,,,
2346 AMSTERDAM AVENUE,,,,
235 GRAHAM AVENUE,,,,
235 LINDEN STREET,,,,
235 STAGG WALK,,,,
236 LINDEN STREET,,,,
237 GRAHAM AVENUE,,,,
238 GRAHAM AVENUE,,,,
238 GROVE STREET,,,,
239 GRAHAM AVENUE,,,,
239 LINDEN STREET,,,,
240 BROADWAY,,,,
240 GRAHAM AVENUE,,,,
240 WORTMAN AVENUE,,,,
2401 ADAM C POWELL BOULEVARD,,,,
2403 ADAM C POWELL BOULEVARD,,,,
2405 ADAM C POWELL BOULEVARD,,,,
2407 ADAM C POWELL BOULEVARD,,,,
2409 ADAM C POWELL BOULEVARD,,,,
241 GRAHAM AVENUE,,,,
242 GRAHAM AVENUE,,,,
242 GROVE STREET,,,,
2424 BOSTON ROAD,,,,
243 GRAHAM AVENUE,,,,
243 LINDEN STREET,,,,
243 WORTMAN AVENUE,,,,
2430 BOSTON ROAD,,,,
244 BROADWAY,,,,
244 GRAHAM AVENUE,,,,
2440 BOSTON ROAD,,,,
2441 ADAM C POWELL BOULEVARD,,,,
2449 ADAM C POWELL BOULEVARD,,,,
245 COZINE AVENUE,,,,
245 GRAHAM AVENUE,,,,
245 WORTMAN AVENUE,,,,
2453 ADAM C POWELL BOULEVARD,,,,
246 GRAHAM AVENUE,,,,
2461 ADAM C POWELL BOULEVARD,,,,
2465 ADAM C POWELL BOULEVARD,,,,
2469 ADAM C POWELL BOULEVARD,,,,
247 GRAHAM AVENUE,,,,
247 LINDEN STREET,,,,
247 WORTMAN AVENUE,,,,
2473 ADAM C POWELL BOULEVARD,,,,
2477 ADAM C POWELL BOULEVARD,,,,
248 GRAHAM AVENUE,,,,
250 GRAHAM AVENUE,,,,
250 LEXINGTON AVENUE,ARMSTRONG I,369,371,2/12/20
250 WILSON AVENUE,,,,
250 WORTMAN AVENUE,,,,
251 CENTRAL AVENUE,,,,
251 LINDEN STREET,,,,
252 GRAHAM AVENUE,,,,
252 LEXINGTON AVENUE,ARMSTRONG I,369,371,2/12/20
2525 ADAM C POWELL BOULEVARD,,,,
2529 ADAM C POWELL BOULEVARD,,,,
253 HAVEMEYER STREET,,,,
2533 ADAM C POWELL BOULEVARD,,,,
2537 ADAM C POWELL BOULEVARD,,,,
254 GRAHAM AVENUE,,,,
254 LEXINGTON AVENUE,ARMSTRONG I,369,371,2/12/20
255 HAVEMEYER STREET,,,,
260 BRADFORD STREET,,,,
260 BROADWAY,,,,
260 LEXINGTON AVENUE,ARMSTRONG I,369,371,2/12/20
262 LEXINGTON AVENUE,ARMSTRONG I,369,371,2/12/20
2620 ADAM C POWELL BOULEVARD,,,,
2621 ADAM C POWELL BOULEVARD,,,,
2622 ADAM C POWELL BOULEVARD,,,,
2624 ADAM C POWELL BOULEVARD,,,,
2626 ADAM C POWELL BOULEVARD,,,,
2627 ADAM C POWELL BOULEVARD,,,,
2628 ADAM C POWELL BOULEVARD,,,,
2630 ADAM C POWELL BOULEVARD,,,,
2632 ADAM C POWELL BOULEVARD,,,,
2633 ADAM C POWELL BOULEVARD,,,,
2637 ADAM C POWELL BOULEVARD,,,,
264 LEXINGTON AVENUE,ARMSTRONG I,369,371,2/12/20
2641 ADAM C POWELL BOULEVARD,,,,
2645 ADAM C POWELL BOULEVARD,,,,
2650 ADAM C POWELL BOULEVARD,,,,
2651 ADAM C POWELL BOULEVARD,,,,
2653 ADAM C POWELL BOULEVARD,,,,
269 CENTRAL AVENUE,,,,
270 CENTRAL AVENUE,,,,
270 WILSON AVENUE,,,,
270 WORTMAN AVENUE,,,,
278 LEXINGTON AVENUE,,,,
280 LEXINGTON AVENUE,ARMSTRONG I,369,371,2/12/20
280 TOMPKINS AVENUE,,,,
282 LEXINGTON AVENUE,ARMSTRONG I,369,371,2/12/20
284 LEXINGTON AVENUE,ARMSTRONG I,369,371,2/12/20
285 COZINE AVENUE,,,,
2850 FREDERICK DOUGLASS BOULEVARD,,,,
286 LEXINGTON AVENUE,ARMSTRONG I,369,371,2/12/20
288 LEXINGTON AVENUE,ARMSTRONG I,369,371,2/12/20
289 CENTRAL AVENUE,,,,
290 CENTRAL AVENUE,,,,
290 LEXINGTON AVENUE,ARMSTRONG I,369,371,2/12/20
291 WEST 151 STREET,,,,
292 LEXINGTON AVENUE,ARMSTRONG I,369,371,2/12/20
293 WEST 151 STREET,,,,
294 LEXINGTON AVENUE,ARMSTRONG I,369,371,2/12/20
295 COZINE AVENUE,,,,
295 WEST 151 STREET,,,,
296 LEXINGTON AVENUE,ARMSTRONG I,369,371,2/12/20
298 LEXINGTON AVENUE,ARMSTRONG I,369,371,2/12/20
300 LEXINGTON AVENUE,ARMSTRONG I,369,371,2/12/20
300 WORTMAN AVENUE,,,,
302 LEXINGTON AVENUE,ARMSTRONG I,369,371,2/12/20
303 NOSTRAND AVENUE,,,,
3031 MIDDLETOWN ROAD,,,,
3033 MIDDLETOWN ROAD,,,,
3035 MIDDLETOWN ROAD,,,,
304 LEXINGTON AVENUE,,,,
305 LEXINGTON AVENUE,,,,
305 NOSTRAND AVENUE,,,,
307 NOSTRAND AVENUE,,,,
309 NOSTRAND AVENUE,,,,
310 CENTRAL AVENUE,,,,
310 LEXINGTON AVENUE,ARMSTRONG I,369,371,2/12/20
311 LEXINGTON AVENUE,,,,
313 LEXINGTON AVENUE,,,,
314 WILSON AVENUE,,,,
315 LEXINGTON AVENUE,,,,
317 LEXINGTON AVENUE,,,,
319 LEXINGTON AVENUE,,,,
319 WILSON AVENUE,,,,
32 GRAFTON STREET,,,,
320 LEXINGTON AVENUE,ARMSTRONG I,369,371,2/12/20
320 MILLER AVENUE,,,,
321 ROEBLING STREET,,,,
323 LEXINGTON AVENUE,,,,
323 ROEBLING STREET,,,,
323 WILSON AVENUE,,,,
324 HOWARD AVENUE,,,,
3240 BROADWAY,,,,
325 LEXINGTON AVENUE,,,,
325 ROEBLING STREET,,,,
3250 BROADWAY,,,,
327 LEXINGTON AVENUE,,,,
327 ROEBLING STREET,,,,
327 WILSON AVENUE,,,,
329 LEXINGTON AVENUE,,,,
330 LEXINGTON AVENUE,ARMSTRONG I,369,371,2/12/20
330 MILLER AVENUE,,,,
330 WILSON AVENUE,,,,
331 CENTRAL AVENUE,,,,
331 LEXINGTON AVENUE,,,,
333 ROEBLING STREET,,,,
334 HOWARD AVENUE,,,,
334 LEFFERTS AVENUE,,,,
335 EAST 111 STREET,,66,66,11/30/20
336 HOWARD AVENUE,,,,
336 LEFFERTS AVENUE,,,,
336 LEXINGTON AVENUE,ARMSTRONG I,369,371,2/12/20
338 LEFFERTS AVENUE,,,,
339 WILSON AVENUE,,,,
340 EAST 28 STREET,,,,
340 LEFFERTS AVENUE,,,,
340 MILLER AVENUE,,,,
342 EAST 28 STREET,,,,
342 LEFFERTS AVENUE,,,,
343 WILSON AVENUE,,,,
344 CLIFTON PLACE,ARMSTRONG I,369,371,2/12/20
344 EAST 28 STREET,344 EAST 28 STREET,225,225,11/30/20
344 LEFFERTS AVENUE,,,,
346 CLIFTON PLACE,ARMSTRONG I,369,371,2/12/20
346 EAST 28 STREET,,,,
347 WILSON AVENUE,,,,
3475 BIVONA STREET,,,,
348 CLIFTON PLACE,ARMSTRONG I,369,371,2/12/20
3485 BIVONA STREET,,,,
350 CLIFTON PLACE,ARMSTRONG I,369,371,2/12/20
352 CLIFTON PLACE,ARMSTRONG I,369,371,2/12/20
353 FORD STREET,,,,
354 CLIFTON PLACE,ARMSTRONG I,369,371,2/12/20
3540 BIVONA STREET,,,,
3545 BIVONA STREET,,,,
355 EAST 183 STREET,,,,
355 FORD STREET,,,,
3550 BIVONA STREET,,,,
3555 BIVONA STREET,,,,
356 CLIFTON PLACE,ARMSTRONG I,369,371,2/12/20
3560 BIVONA STREET,,,,
3565 BIVONA STREET,,,,
357 WILSON AVENUE,,,,
357 WORTMAN AVENUE,,,,
3570 BIVONA STREET,,,,
358 CLIFTON PLACE,ARMSTRONG I,369,371,2/12/20
3580 BIVONA STREET,,,,
359 WORTMAN AVENUE,,,,
36 GRAFTON STREET,,,,
360 CLIFTON PLACE,ARMSTRONG I,369,371,2/12/20
360 FORD STREET,,,,
360 LEXINGTON AVENUE,ARMSTRONG II,248,248,2/12/20
360 NOSTRAND AVENUE,ARMSTRONG I,369,371,2/12/20
361 WILSON AVENUE,,,,
361 WORTMAN AVENUE,,,,
362 CLIFTON PLACE,ARMSTRONG I,369,371,2/12/20
363 WORTMAN AVENUE,,,,
365 EAST 183 STREET,,,,
365 FORD STREET,,,,
365 WILSON AVENUE,,,,
366 CLIFTON PLACE,ARMSTRONG I,369,371,2/12/20
370 LEXINGTON AVENUE,ARMSTRONG II,248,248,2/12/20
371 EAST 183 STREET,,,,
375 CENTRAL AVENUE,,,,
375 LEXINGTON AVENUE,ARMSTRONG II,248,248,2/12/20
380 CLIFTON PLACE,ARMSTRONG I,369,371,2/12/20
380 EAST 183 STREET,,,,
380 LEXINGTON AVENUE,ARMSTRONG II,248,248,2/12/20
3800 3 AVENUE,,,,
3804 3 AVENUE,,,,
3808 3 AVENUE,,,,
3812 3 AVENUE,,,,
3820 3 AVENUE,,,,
3841 BAYCHESTER AVENUE,,,,
3845 BAYCHESTER AVENUE,,,,
385 LEXINGTON AVENUE,ARMSTRONG II,248,248,2/12/20
386 FORD STREET,,,,
3861 BAYCHESTER AVENUE,,,,
3865 BAYCHESTER AVENUE,,,,
388 CLIFTON PLACE,,,,
3881 BAYCHESTER AVENUE,,,,
3885 BAYCHESTER AVENUE,,,,
390 EAST 184 STREET,,,,
390 LEXINGTON AVENUE,ARMSTRONG II,248,248,2/12/20
390 WILSON AVENUE,,,,
394 EAST 184 STREET,,,,
395 LEXINGTON AVENUE,ARMSTRONG II,248,248,2/12/20
396 CLIFTON PLACE,ARMSTRONG I,369,371,2/12/20
399 CENTRAL AVENUE,,,,
40 1/2 MACOMBS PLACE,,,,
40 GRAFTON STREET,,,,
400 BROOK AVENUE,,,,
400 CENTRAL AVENUE,,,,
400 EAST 147 STREET,,,,
4000 LACONIA AVENUE,,,,
401 SAINT ANNS AVENUE,,,,
4010 LACONIA AVENUE,,,,
4020 LACONIA AVENUE,,,,
4024 LACONIA AVENUE,,,,
4030 LACONIA AVENUE,,,,
4034 LACONIA AVENUE,,,,
404 BROOK AVENUE,,,,
4040 LACONIA AVENUE,,,,
4044 LACONIA AVENUE,,,,
405 LEXINGTON AVENUE,ARMSTRONG II,248,248,2/12/20
4056 LACONIA AVENUE,,,,
4064 LACONIA AVENUE,,,,
408 EAST 137 STREET,,,,
409 BEACH 51 STREET,,,,
409 EAST 146 STREET,,,,
410 BEACH 54 STREET,,,,
411 BEACH 54 STREET,,,,
411 EAST 136 STREET,,,,
411 EAST 146 STREET,,,,
413 EAST 146 STREET,,,,
414 BEACH 58 STREET,,,,
415 EAST 146 STREET,,,,
415 EVERGREEN AVENUE,,,,
415 LEXINGTON AVENUE,ARMSTRONG II,248,248,2/12/20
416 EAST 137 STREET,,,,
417 EAST 146 STREET,,,,
418 JEROME STREET,BELMONT-SUTTER AREA,,,
419 EAST 146 STREET,,,,
42 1/2 MACOMBS PLACE,,,,
42 MACOMBS PLACE,,,,
420 CENTRAL AVENUE,,,,
421 EAST 146 STREET,,,,
422 CENTRAL AVENUE,,,,
422 JEROME STREET,,,,
423 EAST 146 STREET,,,,
423 SAINT ANNS AVENUE,,,,
425 EAST 146 STREET,,,,
426 JEROME STREET,BELMONT-SUTTER AREA,,,
427 EAST 146 STREET,,,,
427 SAINT ANNS AVENUE,,,,
429 EAST 146 STREET,,,,
43 TAPSCOTT STREET,,,,
430 BEACH 54 STREET,,,,
431 EAST 146 STREET,,,,
431 EVERGREEN AVENUE,,,,
433 EAST 146 STREET,,,,
434 BEACH 54 STREET,,,,
434 BEACH 58 STREET,,,,
435 EAST 146 STREET,,,,
435 GATES AVENUE,ARMSTRONG I,369,371,2/12/20
437 EAST 146 STREET,,,,
439 BEACH 54 STREET,,,,
439 EAST 146 STREET,,,,
44 GRAFTON STREET,,,,
44 MACOMBS PLACE,,,,
440 BEACH 54 STREET,,,,
440 BEACH 58 STREET,,,,
440 BERRY STREET,,,,
440 CENTRAL AVENUE,,,,
441 BEACH 51 STREET,,,,
441 EAST 146 STREET,,,,
441 GATES AVENUE,ARMSTRONG I,369,371,2/12/20
443 BEACH 54 STREET,,,,
443 EAST 137 STREET,,,,
444 BEACH 54 STREET,,,,
445 BEACH 51 STREET,,,,
445 EAST 146 STREET,,,,
447 BEACH 54 STREET,,,,
447 BERRY STREET,BERRY STREET-SOUTH 9TH STREET,,,
447 GATES AVENUE,ARMSTRONG I,369,371,2/12/20
448 BERRY STREET,BERRY STREET-SOUTH 9TH STREET,,,
449 BERRY STREET,BERRY STREET-SOUTH 9TH STREET,,,
449 GATES AVENUE,ARMSTRONG I,369,371,2/12/20
45 SOUTH 10 STREET,,,,
450 BERRY STREET,,,,
450 EAST 143 STREET,,,,
450 WEST 164 STREET,,,,
451 BERRY STREET,,,,
451 EAST 136 STREET,,,,
451 GATES AVENUE,ARMSTRONG I,369,371,2/12/20
453 BERRY STREET,,,,
453 EAST 137 STREET,,,,
453 GATES AVENUE,ARMSTRONG I,369,371,2/12/20
455 BARBEY STREET,BELMONT-SUTTER AREA,,,
455 BERRY STREET,,,,
455 EAST 137 STREET,,,,
455 EAST 146 STREET,,,,
455 GATES AVENUE,ARMSTRONG I,369,371,2/12/20
457 GATES AVENUE,ARMSTRONG I,369,371,2/12/20
457 WEST 164 STREET,,,,
459 BARBEY STREET,BELMONT-SUTTER AREA,,,
459 GATES AVENUE,ARMSTRONG I,369,371,2/12/20
46 MACOMBS PLACE,,,,
46 SOUTH 10 STREET,,,,
46 SOUTH 9 STREET,,,,
460 EAST 147 STREET,,,,
461 GATES AVENUE,ARMSTRONG I,369,371,2/12/20
461 WEST 164 STREET,,,,
462 BEDFORD AVENUE,,,,
463 BARBEY STREET,BELMONT-SUTTER AREA,,,
463 EAST 137 STREET,,,,
463 GATES AVENUE,ARMSTRONG I,369,371,2/12/20
463 WEST 164 STREET,,,,
464 BEDFORD AVENUE,,,,
465 GATES AVENUE,ARMSTRONG I,369,371,2/12/20
465 SAINT ANNS AVENUE,,,,
465 WEST 164 STREET,,,,
466 BEDFORD AVENUE,,,,
467 GATES AVENUE,ARMSTRONG I,369,371,2/12/20
469 GATES AVENUE,ARMSTRONG I,369,371,2/12/20
471 GATES AVENUE,ARMSTRONG I,369,371,2/12/20
473 GATES AVENUE,ARMSTRONG I,369,371,2/12/20
474 WILLIS AVENUE,,,,
475 GATES AVENUE,ARMSTRONG I,369,371,2/12/20
48 GRAFTON STREET,,,,
48 MACOMBS PLACE,,,,
48 SOUTH 10 STREET,,,,
480 EAST 143 STREET,,,,
486 HOWARD AVENUE,,,,
488 HOWARD AVENUE,,,,
49 SOUTH 10 STREET,,,,
490 EAST 143 STREET,,,,
490 HOWARD AVENUE,,,,
492 GREENE AVENUE,,,,
492 HOWARD AVENUE,,,,
494 GREENE AVENUE,,,,
494 HOWARD AVENUE,,,,
495 GATES AVENUE,ARMSTRONG II,248,248,2/12/20
496 GREENE AVENUE,,,,
496 HOWARD AVENUE,,,,
497 HOWARD AVENUE,,,,
498 HOWARD AVENUE,,,,
499 GATES AVENUE,ARMSTRONG II,248,248,2/12/20
499 HOWARD AVENUE,,,,
5 TAPSCOTT STREET,,,,
50 MACOMBS PLACE,,,,
50 SOUTH 9 STREET,,,,
500 HOWARD AVENUE,,,,
500 WEST 164 STREET,,,,
500 WEST 177 STREET,,,,
501 HOWARD AVENUE,,,,
501 WEST 176 STREET,,,,
502 HOWARD AVENUE,,,,
502 WEST 177 STREET,,,,
503 HOWARD AVENUE,,,,
503 WEST 177 STREET,,,,
504 HOWARD AVENUE,,,,
505 EAST 144 STREET,,,,
505 GATES AVENUE,ARMSTRONG II,248,248,2/12/20
505 HOWARD AVENUE,,,,
506 HOWARD AVENUE,,,,
506 WEST 176 STREET,,,,
506 WEST 177 STREET,,,,
507 HOWARD AVENUE,,,,
508 HOWARD AVENUE,,,,
509 EAST 144 STREET,,,,
509 HOWARD AVENUE,,,,
509 WEST 176 STREET,,,,
51 SOUTH 10 STREET,,,,
51-11 ALMEDA AVENUE,,,,
51-15 ALMEDA AVENUE,,,,
51-24 BEACH CHANNEL DRIVE,,,,
51-32 BEACH CHANNEL DRIVE,,,,
51-45 ALMEDA AVENUE,,,,
51-49 ALMEDA AVENUE,,,,
510 EAST 144 STREET,,,,
510 EAST 146 STREET,,,,
510 HOWARD AVENUE,,,,
510 WEST 176 STREET,,,,
511 EAST 143 STREET,,,,
511 EAST 144 STREET,,,,
511 EAST 146 STREET,,,,
511 HOWARD AVENUE,,,,
511 WEST 134 STREET,,,,
511 WEST 177 STREET,,,,
512 EAST 146 STREET,,,,
513 EAST 146 STREET,,,,
513 GREENE AVENUE,,,,
513 HOWARD AVENUE,,,,
514 HOWARD AVENUE,,,,
514 WEST 134 STREET,,,,
514 WEST 176 STREET,,,,
514 WEST 177 STREET,,,,
515 EAST 143 STREET,,,,
515 GATES AVENUE,ARMSTRONG II,248,248,2/12/20
515 HOWARD AVENUE,,,,
515 WEST 134 STREET,,,,
517 EAST 144 STREET,,,,
518 GREENE AVENUE,,,,
52 MACOMBS PLACE,,,,
52 SOUTH 10 STREET,,,,
520 EAST 144 STREET,,,,
520 STANLEY AVENUE,,,,
521 EAST 145 STREET,,,,
521 EAST 146 STREET,,,,
524 GREENE AVENUE,,,,
524 KNICKERBOCKER AVENUE,,,,
525 EAST 143 STREET,,,,
525 EAST 145 STREET,,,,
525 EAST 146 STREET,,,,
527 EAST 146 STREET,,,,
528 EAST 146 STREET,,,,
528 GREENE AVENUE,,,,
528 KNICKERBOCKER AVENUE,,,,
529 WEST 133 STREET,,,,
53 SOUTH 10 STREET,,,,
530 EAST 144 STREET,,,,
530 EAST 146 STREET,,,,
530 STANLEY AVENUE,,,,
530 WEST 133 STREET,,,,
531 EAST 143 STREET,,,,
532 KNICKERBOCKER AVENUE,,,,
534 GREENE AVENUE,,,,
535 EAST 143 STREET,,,,
537 EAST 146 STREET,,,,
537 RALPH AVENUE,,,,
539 RALPH AVENUE,,,,
54 1/2 MACOMBS PLACE,,,,
54 MACOMBS PLACE,,,,
54 SOUTH 9 STREET,,,,
54-09 ALMEDA AVENUE,,,,
54-15 ALMEDA AVENUE,,,,
54-22 BEACH CHANNEL DRIVE,,,,
54-30 BEACH CHANNEL DRIVE,,,,
54-41 ALMEDA AVENUE,,,,
54-49 ALMEDA AVENUE,,,,
54-75 ALMEDA AVENUE,,,,
54-81 ALMEDA AVENUE,,,,
540 EAST 144 STREET,,,,
541 RALPH AVENUE,,,,
543 RALPH AVENUE,,,,
544 CLAREMONT PARKWAY,,,,
545 EAST 143 STREET,,,,
545 EAST 146 STREET,,,,
545 GREENE AVENUE,ARMSTRONG I,369,371,2/12/20
545 RALPH AVENUE,,,,
545 WEST 126 STREET,,,,
545 WEST 156 STREET,,,,
547 EAST 146 STREET,,,,
547 RALPH AVENUE,,,,
549 RALPH AVENUE,,,,
549 WEST 126 STREET,,,,
55 SOUTH 10 STREET,,,,
550 CLAREMONT PARKWAY,,,,
550 EAST 144 STREET,,,,
550 EAST 147 STREET,,,,
550 KNICKERBOCKER AVENUE,,,,
551 EAST 143 STREET,,,,
551 RALPH AVENUE,,,,
553 RALPH AVENUE,,,,
554 KNICKERBOCKER AVENUE,,,,
555 EAST 143 STREET,,,,
555 GREENE AVENUE,ARMSTRONG I,369,371,2/12/20
555 RALPH AVENUE,,,,
555 WEST 126 STREET,,,,
558 KNICKERBOCKER AVENUE,,,,
56 1/2 MACOMBS PLACE,,,,
56 MACOMBS PLACE,,,,
56 SOUTH 10 STREET,,,,
56-10 BEACH CHANNEL DRIVE,,,,
56-16 BEACH CHANNEL DRIVE,,,,
560 CLAREMONT PARKWAY,,,,
560 EAST 144 STREET,,,,
565 BALTIC STREET,,,,
568 WARREN STREET,,,,
57 SOUTH 10 STREET,,,,
57-10 BEACH CHANNEL DRIVE,,,,
570 STANLEY AVENUE,,,,
571 HOWARD AVENUE,,,,
572 WARREN STREET,,200,200,2/12/20
574 HOWARD AVENUE,,,,
574 WARREN STREET,,,,
575 HOWARD AVENUE,,,,
578 HOWARD AVENUE,,,,
579 HOWARD AVENUE,,,,
58 1/2 MACOMBS PLACE,,,,
58 MACOMBS PLACE,,,,
58 SOUTH 9 STREET,,,,
580 CENTRAL AVENUE,,,,
580 STANLEY AVENUE,,,,
582 HOWARD AVENUE,,,,
583 HOWARD AVENUE,,,,
587 HOWARD AVENUE,,,,
59 SOUTH 10 STREET,,,,
590 WARREN STREET,,,,
590 WARREN STREET -TEMPORARY ADDRESS,,,,
591 HOWARD AVENUE,,,,
595 EVERGREEN AVENUE,,,,
595 HOWARD AVENUE,,,,
599 HOWARD AVENUE,,,,
60 SOUTH 10 STREET,,,,
601 CROTONA PARK NORTH,,,,
602 HOWARD AVENUE,,,,
603 HOWARD AVENUE,,,,
606 HOWARD AVENUE,,,,
607 HOWARD AVENUE,,,,
61 SOUTH 10 STREET,,,,
610 BELMONT AVENUE,BELMONT-SUTTER AREA,,,
610 HOWARD AVENUE,,,,
611 CROTONA PARK NORTH,,,,
611 EAST 158 STREET,,,,
611 HOWARD AVENUE,,,,
614 HOWARD AVENUE,,,,
615 CROTONA PARK NORTH,,,,
615 EAST 158 STREET,,,,
615 EVERGREEN AVENUE,,,,
616 BELMONT AVENUE,BELMONT-SUTTER AREA,,,
625 EAST 158 STREET,,,,
63 SOUTH 10 STREET,,,,
630 STANLEY AVENUE,,,,
631 JEFFERSON PLACE,,,,
635 EAST 158 STREET,,,,
64 SOUTH 10 STREET,,,,
640 STANLEY AVENUE,,,,
645 EAST 158 STREET,,,,
645 MALCOLM X BOULEVARD,,,,
649 MALCOLM X BOULEVARD,,,,
65 SOUTH 10 STREET,,,,
662 RALPH AVENUE,,,,
669 LENOX AVENUE,,,,
67 SOUTH 10 STREET,,,,
670 EVERGREEN AVENUE,,,,
670 STANLEY AVENUE,,,,
672 RALPH AVENUE,,,,
681 MAPLE STREET,,,,
682 RALPH AVENUE,,,,
690 EAST 140 STREET,,,,
690 EVERGREEN AVENUE,,,,
692 RALPH AVENUE,,,,
695 EAST 139 STREET,,,,
696 STANLEY AVENUE,,,,
698 RALPH AVENUE,,,,
699 EAST 139 STREET,,,,
70 MACOMBS PLACE,,,,
700 EAST 140 STREET,,,,
71 SOUTH 10 STREET,,,,
710 CROES AVENUE,,,,
710 NOBLE AVENUE,,,,
712 NOBLE AVENUE,,,,
715 NOBLE AVENUE,,,,
717 NOBLE AVENUE,,,,
720 EAST NEW YORK AVENUE,,,,
722 EAST NEW YORK AVENUE,,,,
725 HOWARD AVENUE,,,,
725 STANLEY AVENUE,,,,
726 EAST NEW YORK AVENUE,,,,
726 FENIMORE STREET,,,,
726 STANLEY AVENUE,,,,
728 EAST NEW YORK AVENUE,,,,
728 FENIMORE STREET,,,,
728 HOWARD AVENUE,,,,
73 WILSON STREET,,,,
730 EAST NEW YORK AVENUE,,,,
730 FENIMORE STREET,,,,
732 FENIMORE STREET,,,,
736 FENIMORE STREET,,,,
738 FENIMORE STREET,,,,
738 HOWARD AVENUE,,,,
738 STANLEY AVENUE,,,,
74 SOUTH 9 STREET,,,,
740 BEACH AVENUE,,,,
740 FENIMORE STREET,,,,
740 STANLEY AVENUE,,,,
742 FENIMORE STREET,,,,
746 FENIMORE STREET,,,,
748 FENIMORE STREET,,,,
75 COVERT STREET,,,,
75 WILSON STREET,,,,
750 CROES AVENUE,,,,
750 FENIMORE STREET,,,,
752 FENIMORE STREET,,,,
756 STANLEY AVENUE,,,,
758 STANLEY AVENUE,,,,
765 STANLEY AVENUE,,,,
770 HENDERSON AVENUE,,,,
772 STANLEY AVENUE,,,,
773 STANLEY AVENUE,,,,
775 MARCY AVENUE,ARMSTRONG II,248,248,2/12/20
778 HENDERSON AVENUE,,,,
780 HENDERSON AVENUE,,,,
785 MARCY AVENUE,ARMSTRONG II,248,248,2/12/20
785 SCHENCK AVENUE,,,,
791 MARCY AVENUE,ARMSTRONG II,248,248,2/12/20
797 SCHENCK AVENUE,,,,
80 SCHENECTADY AVENUE,,,,
804 ASHFORD STREET,,,,
806 HENDERSON AVENUE,,,,
807 SCHENCK AVENUE,,,,
810 HENDERSON AVENUE,,,,
811 EAST 167 STREET,,,,
812 ASHFORD STREET,,,,
813 EAST 167 STREET,,,,
814 HENDERSON AVENUE,,,,
815 EAST 166 STREET,,,,
815 EAST 167 STREET,,,,
816 ASHFORD STREET,,,,
817 EAST 166 STREET,,,,
817 EAST 167 STREET,,,,
817 SCHENCK AVENUE,,,,
818 EAST 167 STREET,,,,
818 HOME STREET,,,,
819 EAST 166 STREET,,,,
819 EAST 167 STREET,,,,
820 EAST 167 STREET,,,,
820 HENDERSON AVENUE,,,,
820 HEWITT PLACE,,,,
821 CAULDWELL AVENUE,,,,
822 EAST 167 STREET,,,,
825 CAULDWELL AVENUE,,,,
826 HEWITT PLACE,,,,
828 ASHFORD STREET,,,,
829 CAULDWELL AVENUE,,,,
829 SCHENCK AVENUE,,,,
83 TAYLOR STREET,,,,
830 ASHFORD STREET,,,,
830 EAGLE AVENUE,,,,
832 HEWITT PLACE,,,,
834 EAGLE AVENUE,,,,
839 REV JAMES A POLITE AVENUE,,,,
84 SOUTH 10 STREET,,,,
840 EAGLE AVENUE,,,,
840 HEWITT PLACE,,,,
842 ASHFORD STREET,,,,
844 EAGLE AVENUE,,,,
845 CAULDWELL AVENUE,,,,
845 REV JAMES A POLITE AVENUE,,,,
845 SCHENCK AVENUE,,,,
846 HEWITT PLACE,,,,
85 COVERT STREET,,,,
85 PALMETTO STREET,,,,
85 TAYLOR STREET,,,,
850 EAGLE AVENUE,,,,
851 CAULDWELL AVENUE,,,,
851 REV JAMES A POLITE AVENUE,,,,
852 HEWITT PLACE,,,,
854 ASHFORD STREET,,,,
854 EAGLE AVENUE,,,,
855 CAULDWELL AVENUE,,,,
857 REV JAMES A POLITE AVENUE,,,,
857 SCHENCK AVENUE,,,,
861 CAULDWELL AVENUE,,,,
863 REV JAMES A POLITE AVENUE,,,,
865 CAULDWELL AVENUE,,,,
869 REV JAMES A POLITE AVENUE,,,,
87 TEN EYCK WALK,,,,
87 TROY AVENUE,,,,
872 ASHFORD STREET,,,,
875 PENNSYLVANIA AVENUE,,,,
875 REV JAMES A POLITE AVENUE,,,,
877 PENNSYLVANIA AVENUE,,,,
879 PENNSYLVANIA AVENUE,,,,
88 SOUTH 10 STREET,,,,
88 STAGG WALK,,,,
881 PENNSYLVANIA AVENUE,,,,
881 REV JAMES A POLITE AVENUE,,,,
881 SCHENCK AVENUE,,,,
884 ASHFORD STREET,,,,
89 TEN EYCK WALK,,,,
893 SCHENCK AVENUE,,,,
895 PENNSYLVANIA AVENUE,,,,
9 TAPSCOTT STREET,,,,
90 MAUJER STREET,,,,
90 TEN EYCK WALK,,,,
905 EAGLE AVENUE,,,,
907 EAGLE AVENUE,,,,
908 ASHFORD STREET,,,,
91 SCHOLES STREET,,,,
91 TEN EYCK WALK,,,,
912 VAN SICLEN AVENUE,,,,
914 VAN SICLEN AVENUE,,,,
92 MAUJER STREET,,,,
92 SOUTH 10 STREET,,,,
92 TEN EYCK WALK,,,,
920 ASHFORD STREET,,,,
920 VERMONT STREET,,,,
93 SCHOLES STREET,,,,
93 TEN EYCK WALK,,,,
94 MAUJER STREET,,,,
95 OLD BROADWAY,,,,
95 PALMETTO STREET,,,,
95 SCHOLES STREET,,,,
95 TEN EYCK WALK,,,,
95 WILSON STREET,,,,
950 UNION AVENUE,,,,
955 RUTLAND ROAD,,,,
96 SOUTH 10 STREET,,,,
97 SCHOLES STREET,,,,
97 STAGG WALK,,,,
97 WILSON STREET,,,,
99 FORT WASHINGTON AVENUE,,,,
99 SCHOLES STREET,,,,
99 STAGG WALK,,,,
99 WILSON STREET,,,,