,building_name,borough,total_units,tds,transferred_date,page_number,bbl,bldg,m,address
0,104-14 TAPSCOTT STREET,BROOKLYN,30,242,11/28/2023,1,3035320030,1,,114 TAPSCOTT STREET
1,104-14 TAPSCOTT STREET,BROOKLYN,30,242,11/28/2023,1,3035320030,1,M,104 TAPSCOTT STREET
2,335 EAST 111TH STREET,MANHATTAN,66,203,11/30/2020,1,1016830018,1,M,335 EAST 111TH STREET
3,344 EAST 28TH STREET,MANHATTAN,225,185,11/30/2020,1,1009330025,1,,344GAR EAST 28TH STREET
4,344 EAST 28TH STREET,MANHATTAN,225,185,11/30/2020,1,1009330025,1,,346 EAST 28TH STREET
5,344 EAST 28TH STREET,MANHATTAN,225,185,11/30/2020,1,1009330025,1,M,344 EAST 28TH STREET
6,344 EAST 28TH STREET,MANHATTAN,225,185,11/30/2020,1,1009330025,1,,342 EAST 28TH STREET
7,344 EAST 28TH STREET,MANHATTAN,225,185,11/30/2020,1,1009330025,1,,340 EAST 28TH STREET
8,572 WARREN STREET,BROOKLYN,200,196,2/12/2020,1,3004010001,,,590 WARREN STREET
9,572 WARREN STREET,BROOKLYN,200,196,2/12/2020,1,3004010001,1,,568 WARREN STREET
10,572 WARREN STREET,BROOKLYN,200,196,2/12/2020,1,3004010001,1,M,572 WARREN STREET
11,572 WARREN STREET,BROOKLYN,200,196,2/12/2020,1,3004010001,1,M,574 WARREN STREET
12,572 WARREN STREET,BROOKLYN,200,196,2/12/2020,1,3004010001,1,,565 BALTIC STREET
13,572 WARREN STREET,BROOKLYN,200,196,2/12/2020,1,3004010001,2,,590 WARREN STREET -TEMPORARY ADDRESS
14,ARMSTRONG I,BROOKLYN,371,210,2/12/2020,1,3017940181,,,513 GREENE AVENUE
15,ARMSTRONG I,BROOKLYN,371,210,2/12/2020,1,3017940120,1,M,362 CLIFTON PLACE
16,ARMSTRONG I,BROOKLYN,371,210,2/12/2020,1,3017940119,1,M,360 CLIFTON PLACE
17,ARMSTRONG I,BROOKLYN,371,210,2/12/2020,1,3017940118,1,M,358 CLIFTON PLACE
18,ARMSTRONG I,BROOKLYN,371,210,2/12/2020,1,3017940117,1,M,356 CLIFTON PLACE
19,ARMSTRONG I,BROOKLYN,371,210,2/12/2020,1,3017940116,1,M,354 CLIFTON PLACE
20,ARMSTRONG I,BROOKLYN,371,210,2/12/2020,1,3017940115,1,M,352 CLIFTON PLACE
21,ARMSTRONG I,BROOKLYN,371,210,2/12/2020,1,3017940114,1,M,350 CLIFTON PLACE
22,ARMSTRONG I,BROOKLYN,371,210,2/12/2020,1,3017940113,1,M,348 CLIFTON PLACE
23,ARMSTRONG I,BROOKLYN,371,210,2/12/2020,1,3017940112,1,M,346 CLIFTON PLACE
24,ARMSTRONG I,BROOKLYN,371,210,2/12/2020,1,3017940011,1,M,344 CLIFTON PLACE
25,ARMSTRONG I,BROOKLYN,371,210,2/12/2020,1,3018020051,10,M,360 NOSTRAND AVENUE
26,ARMSTRONG I,BROOKLYN,371,210,2/12/2020,1,3018020051,11,,260 LEXINGTON AVENUE
27,ARMSTRONG I,BROOKLYN,371,210,2/12/2020,1,3018020051,11,,262 LEXINGTON AVENUE
28,ARMSTRONG I,BROOKLYN,371,210,2/12/2020,1,3018020051,11,,264 LEXINGTON AVENUE
29,ARMSTRONG I,BROOKLYN,371,210,2/12/2020,1,3018020051,12,M,254 LEXINGTON AVENUE
30,ARMSTRONG I,BROOKLYN,371,210,2/12/2020,1,3018020044,12,,252A LEXINGTON AVENUE
31,ARMSTRONG I,BROOKLYN,371,210,2/12/2020,1,3018020044,12,M,252 LEXINGTON AVENUE
32,ARMSTRONG II,BROOKLYN,248,228,2/12/2020,2,,,M,
33,ARMSTRONG II,BROOKLYN,248,228,2/12/2020,2,,,M,
34,ARMSTRONG II,BROOKLYN,248,228,2/12/2020,2,,,M,
35,ARMSTRONG II,BROOKLYN,248,228,2/12/2020,2,,,M,
36,ARMSTRONG II,BROOKLYN,248,228,2/12/2020,2,,,M,
37,ARMSTRONG II,BROOKLYN,248,228,2/12/2020,2,,,M,
38,ARMSTRONG II,BROOKLYN,248,228,2/12/2020,2,,,M,
39,ARMSTRONG II,BROOKLYN,248,228,2/12/2020,2,,,M,
40,ARMSTRONG II,BROOKLYN,248,228,2/12/2020,2,,,M,
41,ARMSTRONG II,BROOKLYN,248,228,2/12/2020,2,,,M,
42,ARMSTRONG II,BROOKLYN,248,228,2/12/2020,2,,,M,
43,ARMSTRONG II,BROOKLYN,248,228,2/12/2020,2,,,M,
44,ARMSTRONG II,BROOKLYN,248,228,2/12/2020,2,,,M,
45,ARMSTRONG II,BROOKLYN,248,228,2/12/2020,2,,,M,
46,ARMSTRONG II,BROOKLYN,248,228,2/12/2020,2,,,M,
47,ARMSTRONG II,BROOKLYN,248,228,2/12/2020,2,,,M,
48,ARMSTRONG II,BROOKLYN,248,228,2/12/2020,2,,,M,
49,ARMSTRONG II,BROOKLYN,248,228,2/12/2020,2,,,M,
50,ARMSTRONG II,BROOKLYN,248,228,2/12/2020,2,,,M,
51,ARMSTRONG II,BROOKLYN,248,228,2/12/2020,2,,,M,
52,ARMSTRONG II,BROOKLYN,248,228,2/12/2020,2,,,M,
53,ARMSTRONG II,BROOKLYN,248,228,2/12/2020,2,,,M,
54,ARMSTRONG II,BROOKLYN,248,228,2/12/2020,2,,,M,
55,ARMSTRONG II,BROOKLYN,248,228,2/12/2020,2,,,M,
56,ARMSTRONG II,BROOKLYN,248,228,2/12/2020,2,,,M,
57,ARMSTRONG II,BROOKLYN,248,228,2/12/2020,2,,,M,
58,ARMSTRONG II,BROOKLYN,248,228,2/12/2020,2,,,M,
59,ARMSTRONG II,BROOKLYN,248,228,2/12/2020,2,,,M,
60,ARMSTRONG II,BROOKLYN,248,228,2/12/2020,2,,,M,
61,ARMSTRONG II,BROOKLYN,248,228,2/12/2020,2,,,M,
62,ARMSTRONG II,BROOKLYN,248,228,2/12/2020,2,,,M,
63,ARMSTRONG II,BROOKLYN,248,228,2/12/2020,2,,,M,
64,ARMSTRONG II,BROOKLYN,248,228,2/12/2020,2,,,M,
65,ARMSTRONG II,BROOKLYN,248,228,2/12/2020,2,,,M,
66,ARMSTRONG II,BROOKLYN,248,228,2/12/2020,2,,,M,
67,ARMSTRONG II,BROOKLYN,248,228,2/12/2020,2,,,M,
68,ARMSTRONG II,BROOKLYN,248,228,2/12/2020,2,,,M,
69,ARMSTRONG II,BROOKLYN,248,228,2/12/2020,2,,,M,
70,ARMSTRONG II,BROOKLYN,248,228,2/12/2020,2,,,M,
71,ARMSTRONG II,BROOKLYN,248,228,2/12/2020,2,,,M,
72,ARMSTRONG II,BROOKLYN,248,228,2/12/2020,2,,,M,
73,ARMSTRONG II,BROOKLYN,248,228,2/12/2020,2,3017990044,1,M,375 LEXINGTON AVENUE
74,ARMSTRONG II,BROOKLYN,248,228,2/12/2020,2,3017990044,1,M,385 LEXINGTON AVENUE
75,ARMSTRONG II,BROOKLYN,248,228,2/12/2020,2,3017990044,1,M,395 LEXINGTON AVENUE
76,ARMSTRONG II,BROOKLYN,248,228,2/12/2020,2,3017990044,1,M,405 LEXINGTON AVENUE
77,ARMSTRONG II,BROOKLYN,248,228,2/12/2020,2,3017990044,1,M,415 LEXINGTON AVENUE
78,ARMSTRONG II,BROOKLYN,248,228,2/12/2020,2,3017990044,1,M,280 TOMPKINS AVENUE
79,ARMSTRONG II,BROOKLYN,248,228,2/12/2020,2,3018040010,2,M,360 LEXINGTON AVENUE
80,ARMSTRONG II,BROOKLYN,248,228,2/12/2020,2,3018040010,2,M,370 LEXINGTON AVENUE
81,ARMSTRONG II,BROOKLYN,248,228,2/12/2020,2,3018040010,2,M,380 LEXINGTON AVENUE
82,AUDUBON,MANHATTAN,168,125,1/10/2023,3,,,M,
83,AUDUBON,MANHATTAN,168,125,1/10/2023,3,,,M,
84,AUDUBON,MANHATTAN,168,125,1/10/2023,3,,,M,
85,AUDUBON,MANHATTAN,168,125,1/10/2023,3,,,M,
86,AUDUBON,MANHATTAN,168,125,1/10/2023,3,,,M,
87,AUDUBON,MANHATTAN,168,125,1/10/2023,3,,,M,
88,AUDUBON,MANHATTAN,168,125,1/10/2023,3,,,,
89,BAYCHESTER,BRONX,441,126,12/27/2018,3,1020680046,1,M,1909 AMSTERDAM AVENUE
90,BELMONT-SUTTER AREA,BROOKLYN,72,345,12/28/2021,3,2049050360,1,M,1870 SCHIEFFELIN AVENUE
91,BELMONT-SUTTER AREA,BROOKLYN,72,345,12/28/2021,3,2049050360,1,,1860 SCHIEFFELIN AVENUE
92,BELMONT-SUTTER AREA,BROOKLYN,72,345,12/28/2021,3,2049050360,1,,1225 EAST 225TH STREET
93,BELMONT-SUTTER AREA,BROOKLYN,72,345,12/28/2021,3,2049050360,10,M,1871 SCHIEFFELIN PLACE
94,BELMONT-SUTTER AREA,BROOKLYN,72,345,12/28/2021,3,2049050360,11,M,1891 SCHIEFFELIN PLACE
95,BELMONT-SUTTER AREA,BROOKLYN,72,345,12/28/2021,3,2049050360,12,,1220 EAST 229TH STREET
96,BELMONT-SUTTER AREA,BROOKLYN,72,345,12/28/2021,3,2049050360,2,M,1880 SCHIEFFELIN AVENUE
97,BELMONT-SUTTER AREA,BROOKLYN,72,345,12/28/2021,3,2049050360,3,M,1890 SCHIEFFELIN AVENUE
98,BELMONT-SUTTER AREA,BROOKLYN,72,345,12/28/2021,3,2049050360,4,M,1920 SCHIEFFELIN AVENUE
99,BELMONT-SUTTER AREA,BROOKLYN,72,345,12/28/2021,3,2049050360,5,M,1930 SCHIEFFELIN AVENUE
100,BELMONT-SUTTER AREA,BROOKLYN,72,345,12/28/2021,3,2049050360,6,,1910 SCHIEFFELIN AVENUE
101,BELMONT-SUTTER AREA,BROOKLYN,72,345,12/28/2021,3,2049050360,6,M,1900 SCHIEFFELIN AVENUE
102,BELMONT-SUTTER AREA,BROOKLYN,72,345,12/28/2021,3,2049050360,7,M,1861 SCHIEFFELIN PLACE
103,BELMONT-SUTTER AREA,BROOKLYN,72,345,12/28/2021,3,2049050360,8,M,1881 SCHIEFFELIN PLACE
104,BELMONT-SUTTER AREA,BROOKLYN,72,345,12/28/2021,3,2049050360,9,M,1851 SCHIEFFELIN PLACE
105,BERRY STREET-SOUTH 9TH STREET,BROOKLYN,150,357,2/12/2020,3,3040290001,1,M,455 BARBEY STREET
106,BERRY STREET-SOUTH 9TH STREET,BROOKLYN,150,357,2/12/2020,3,3040290001,1,M,459 BARBEY STREET
107,BERRY STREET-SOUTH 9TH STREET,BROOKLYN,150,357,2/12/2020,3,3040290001,1,M,463 BARBEY STREET
108,BERRY STREET-SOUTH 9TH STREET,BROOKLYN,150,357,2/12/2020,3,3040290001,2,M,418 JEROME STREET
109,BERRY STREET-SOUTH 9TH STREET,BROOKLYN,150,357,2/12/2020,3,3040290001,2,M,422 JEROME STREET
110,BERRY STREET-SOUTH 9TH STREET,BROOKLYN,150,357,2/12/2020,3,3040290001,2,M,426 JEROME STREET
111,BERRY STREET-SOUTH 9TH STREET,BROOKLYN,150,357,2/12/2020,3,3040290001,3,M,610 BELMONT AVENUE
112,BERRY STREET-SOUTH 9TH STREET,BROOKLYN,150,357,2/12/2020,3,3040290001,3,M,616 BELMONT AVENUE
113,BERRY STREET-SOUTH 9TH STREET,BROOKLYN,150,357,2/12/2020,3,3021570019,,,100 SOUTH 10TH STREET
114,BERRY STREET-SOUTH 9TH STREET,BROOKLYN,150,357,2/12/2020,3,3021570005,,,447 BERRY STREET
115,BERRY STREET-SOUTH 9TH STREET,BROOKLYN,150,357,2/12/2020,3,3021560021,,,448 BERRY STREET
116,BERRY STREET-SOUTH 9TH STREET,BROOKLYN,150,357,2/12/2020,3,3021570004,,,449 BERRY STREET
117,BETANCES I,BRONX,309,211,11/16/2018,4,,,,
118,BETANCES I,BRONX,309,211,11/16/2018,4,,,,
119,BETANCES I,BRONX,309,211,11/16/2018,4,,,,
120,BETANCES I,BRONX,309,211,11/16/2018,4,,,,
121,BETANCES I,BRONX,309,211,11/16/2018,4,,,,
122,BETANCES I,BRONX,309,211,11/16/2018,4,,,,
123,BETANCES I,BRONX,309,211,11/16/2018,4,,,,
124,BETANCES I,BRONX,309,211,11/16/2018,4,,,,
125,BETANCES I,BRONX,309,211,11/16/2018,4,,,,
126,BETANCES I,BRONX,309,211,11/16/2018,4,,,,
127,BETANCES I,BRONX,309,211,11/16/2018,4,,,,
128,BETANCES I,BRONX,309,211,11/16/2018,4,,,,
129,BETANCES I,BRONX,309,211,11/16/2018,4,,,,
130,BETANCES I,BRONX,309,211,11/16/2018,4,,,,
131,BETANCES I,BRONX,309,211,11/16/2018,4,,,,
132,BETANCES I,BRONX,309,211,11/16/2018,4,,,,
133,BETANCES I,BRONX,309,211,11/16/2018,4,,,,
134,BETANCES I,BRONX,309,211,11/16/2018,4,,,,
135,BETANCES I,BRONX,309,211,11/16/2018,4,,,,
136,BETANCES I,BRONX,309,211,11/16/2018,4,,,,
137,BETANCES I,BRONX,309,211,11/16/2018,4,,,,
138,BETANCES I,BRONX,309,211,11/16/2018,4,,,,
139,BETANCES I,BRONX,309,211,11/16/2018,4,,,,
140,BETANCES I,BRONX,309,211,11/16/2018,4,,,,
141,BETANCES I,BRONX,309,211,11/16/2018,4,,,,
142,BETANCES I,BRONX,309,211,11/16/2018,4,,,,
143,BETANCES I,BRONX,309,211,11/16/2018,4,,,,
144,BETANCES I,BRONX,309,211,11/16/2018,4,,,,
145,BETANCES I,BRONX,309,211,11/16/2018,4,,,,
146,BETANCES I,BRONX,309,211,11/16/2018,4,,,,
147,BETANCES I,BRONX,309,211,11/16/2018,4,,,,
148,BETANCES I,BRONX,309,211,11/16/2018,4,,,,
149,BETANCES I,BRONX,309,211,11/16/2018,4,,,,
150,BETANCES I,BRONX,309,211,11/16/2018,4,,,,
151,BETANCES I,BRONX,309,211,11/16/2018,4,,,,
152,BETANCES I,BRONX,309,211,11/16/2018,4,2022690100,1,M,400 BROOK AVENUE
153,BETANCES I,BRONX,309,211,11/16/2018,4,2022690100,1,,404 BROOK AVENUE
154,BETANCES I,BRONX,309,211,11/16/2018,4,2022690100,1,,510 EAST 144TH STREET
155,BETANCES I,BRONX,309,211,11/16/2018,4,2022690100,10,M,550 EAST 144TH STREET
156,BETANCES I,BRONX,309,211,11/16/2018,4,2022690100,11,M,540 EAST 144TH STREET
157,BETANCES I,BRONX,309,211,11/16/2018,4,2022690100,12,M,530 EAST 144TH STREET
158,BETANCES I,BRONX,309,211,11/16/2018,4,2022690100,13,M,520 EAST 144TH STREET
159,BETANCES I,BRONX,309,211,11/16/2018,4,2022690100,2,M,511 EAST 143RD STREET
160,BETANCES I,BRONX,309,211,11/16/2018,4,2022690100,3,M,515 EAST 143RD STREET
161,BETANCES I,BRONX,309,211,11/16/2018,4,2022690100,4,M,525 EAST 143RD STREET
162,BETANCES I,BRONX,309,211,11/16/2018,4,2022690100,5,M,531 EAST 143RD STREET
163,BETANCES I,BRONX,309,211,11/16/2018,4,2022690100,6,M,535 EAST 143RD STREET
164,BETANCES I,BRONX,309,211,11/16/2018,4,2022690100,7,M,545 EAST 143RD STREET
165,BETANCES I,BRONX,309,211,11/16/2018,4,2022690100,8,M,551 EAST 143RD STREET
166,BETANCES I,BRONX,309,211,11/16/2018,4,2022690100,8,,555 EAST 143RD STREET
167,"BETANCES II, 13",BRONX,51,518,11/16/2018,5,,,,
168,"BETANCES II, 18",BRONX,78,519,11/16/2018,5,2025680012,3,M,700 EAST 140TH STREET
169,"BETANCES II, 18",BRONX,78,519,11/16/2018,5,2025680012,3,,690 EAST 140TH STREET
170,"BETANCES II, 9A",BRONX,46,220,11/16/2018,5,2022820057,1,M,443 EAST 137TH STREET
171,"BETANCES II, 9A",BRONX,46,220,11/16/2018,5,2022820057,1,M,453 EAST 137TH STREET
172,"BETANCES II, 9A",BRONX,46,220,11/16/2018,5,2022820057,1,M,455 EAST 137TH STREET
173,"BETANCES II, 9A",BRONX,46,220,11/16/2018,5,2022820057,1,M,463 EAST 137TH STREET
174,"BETANCES II, 9A",BRONX,46,220,11/16/2018,5,2022810010,2,M,416 EAST 137TH STREET
175,"BETANCES II, 9A",BRONX,46,220,11/16/2018,5,2022810010,2,,408 EAST 137TH STREET
176,"BETANCES III, 13",BRONX,22,520,11/16/2018,5,2022710001,4,M,505 EAST 144TH STREET
177,"BETANCES III, 13",BRONX,22,520,11/16/2018,5,2022710001,4,M,509 EAST 144TH STREET
178,"BETANCES III, 13",BRONX,22,520,11/16/2018,5,2022710001,4,M,517 EAST 144TH STREET
179,"BETANCES III, 13",BRONX,22,520,11/16/2018,5,2022710001,4,,511 EAST 144TH STREET
180,"BETANCES III, 18",BRONX,19,521,11/16/2018,5,2025680012,4,M,695 EAST 139TH STREET
181,"BETANCES III, 18",BRONX,19,521,11/16/2018,5,2025680012,5,M,699 EAST 139TH STREET
182,"BETANCES III, 9A",BRONX,26,222,11/16/2018,5,2022810055,,,451 EAST 136TH STREET
183,"BETANCES III, 9A",BRONX,26,222,11/16/2018,5,2022810010,6,M,411 EAST 136TH STREET
184,BETANCES IV,BRONX,282,230,11/16/2018,5,2022710020,2,M,427 SAINT ANNS AVENUE
185,BETANCES IV,BRONX,282,230,11/16/2018,5,2022710020,3,M,423 SAINT ANNS AVENUE
186,BETANCES IV,BRONX,282,230,11/16/2018,5,2022870135,1,M,480 EAST 143RD STREET
187,BETANCES V,BRONX,100,231,11/16/2018,6,,,,
188,BETANCES V,BRONX,100,231,11/16/2018,6,,,,
189,BETANCES V,BRONX,100,231,11/16/2018,6,,,,
190,BETANCES V,BRONX,100,231,11/16/2018,6,,,,
191,BETANCES V,BRONX,100,231,11/16/2018,6,,,,
192,BETANCES V,BRONX,100,231,11/16/2018,6,,,,
193,BETANCES V,BRONX,100,231,11/16/2018,6,,,,
194,BETANCES V,BRONX,100,231,11/16/2018,6,,,,
195,BETANCES V,BRONX,100,231,11/16/2018,6,,,,
196,BETANCES V,BRONX,100,231,11/16/2018,6,,,,
197,BETANCES V,BRONX,100,231,11/16/2018,6,,,,
198,BETANCES V,BRONX,100,231,11/16/2018,6,,,,
199,BETANCES V,BRONX,100,231,11/16/2018,6,,,,
200,BETANCES V,BRONX,100,231,11/16/2018,6,,,,
201,BETANCES V,BRONX,100,231,11/16/2018,6,,,,
202,BETANCES V,BRONX,100,231,11/16/2018,6,,,,
203,BETANCES V,BRONX,100,231,11/16/2018,6,,,,
204,BETANCES V,BRONX,100,231,11/16/2018,6,,,,
205,BETANCES V,BRONX,100,231,11/16/2018,6,,,,
206,BETANCES V,BRONX,100,231,11/16/2018,6,,,,
207,BETANCES V,BRONX,100,231,11/16/2018,6,,,,
208,BETANCES V,BRONX,100,231,11/16/2018,6,,,,
209,BETANCES V,BRONX,100,231,11/16/2018,6,,,,
210,BETANCES V,BRONX,100,231,11/16/2018,6,,,,
211,BETANCES VI,BRONX,155,285,11/16/2018,6,2022870026,,,450 EAST 143RD STREET
212,BETANCES VI,BRONX,155,285,11/16/2018,6,2022720005,1,M,521 EAST 146TH STREET
213,BETANCES VI,BRONX,155,285,11/16/2018,6,2022720005,2,M,525 EAST 146TH STREET
214,BETANCES VI,BRONX,155,285,11/16/2018,6,2022720038,3,M,521 EAST 145TH STREET
215,BETANCES VI,BRONX,155,285,11/16/2018,6,2022720038,3,,525 EAST 145TH STREET
216,BETANCES VI,BRONX,155,285,11/16/2018,6,2022910023,6,M,409 EAST 146TH STREET
217,BETANCES VI,BRONX,155,285,11/16/2018,6,2022910023,6,,411 EAST 146TH STREET
218,BETANCES VI,BRONX,155,285,11/16/2018,6,2022910023,7,M,413 EAST 146TH STREET
219,BETANCES VI,BRONX,155,285,11/16/2018,6,2022910023,7,,415 EAST 146TH STREET
220,BETANCES VI,BRONX,155,285,11/16/2018,6,2022910023,8,M,445 EAST 146TH STREET
221,BETHUNE GARDENS,MANHATTAN,210,160,1/10/2023,6,2022910001,1,M,400 EAST 147TH STREET
222,BETHUNE GARDENS,MANHATTAN,210,160,1/10/2023,6,2022910030,2,M,460 EAST 147TH STREET
223,BETHUNE GARDENS,MANHATTAN,210,160,1/10/2023,6,2022720119,3,M,550 EAST 147TH STREET
224,BETHUNE GARDENS,MANHATTAN,210,160,1/10/2023,6,2022910001,4,,474 WILLIS AVENUE
225,BETHUNE GARDENS,MANHATTAN,210,160,1/10/2023,6,2022720119,5,,465 SAINT ANNS AVENUE
226,BETHUNE GARDENS,MANHATTAN,210,160,1/10/2023,6,1021070059,1,,1947 AMSTERDAM AVENUE
227,BOSTON ROAD PLAZA,BRONX,235,189,9/26/2024,7,,,,
228,BOSTON ROAD PLAZA,BRONX,235,189,9/26/2024,7,,,,
229,BOSTON SECOR,BRONX,538,138,9/26/2024,7,2044310001,1,,2430 BOSTON ROAD
230,BOSTON SECOR,BRONX,538,138,9/26/2024,7,2044310001,1,M,2440 BOSTON ROAD
231,BOSTON SECOR,BRONX,538,138,9/26/2024,7,2044310001,2,,2424 BOSTON ROAD
232,BOULEVARD,BROOKLYN,1,046,12/28/2021,7,2052630040,1,M,3475 BIVONA STREET
233,BOULEVARD,BROOKLYN,1,046,12/28/2021,7,2052630040,1,,3485 BIVONA STREET
234,BOULEVARD,BROOKLYN,1,046,12/28/2021,7,2052630040,2,,3545 BIVONA STREET
235,BOULEVARD,BROOKLYN,1,046,12/28/2021,7,2052630040,2,,3565 BIVONA STREET
236,BOULEVARD,BROOKLYN,1,046,12/28/2021,7,2052630040,2,M,3555 BIVONA STREET
237,BOULEVARD,BROOKLYN,1,046,12/28/2021,7,2052630070,3,M,3550 BIVONA STREET
238,BOULEVARD,BROOKLYN,1,046,12/28/2021,7,2052630070,3,,3570 BIVONA STREET
239,BOULEVARD,BROOKLYN,1,046,12/28/2021,7,2052630070,3,,3540 BIVONA STREET
240,BOULEVARD,BROOKLYN,1,046,12/28/2021,7,2052630070,3,,3560 BIVONA STREET
241,BOULEVARD,BROOKLYN,1,046,12/28/2021,7,2052630070,3,,3580 BIVONA STREET
242,BOULEVARD,BROOKLYN,1,046,12/28/2021,7,2052630070,4,,2185 REEDS MILL LANE
243,BOULEVARD,BROOKLYN,1,046,12/28/2021,7,2052630070,4,M,2175 REEDS MILL LANE
244,BOULEVARD,BROOKLYN,1,046,12/28/2021,7,2052630070,5,,2185GAR REEDS MILL LANE
245,BOULEVARD,BROOKLYN,1,046,12/28/2021,7,2052630070,6,,3540 BIVONA STREET
246,BOULEVARD,BROOKLYN,1,046,12/28/2021,7,3043550001,1,,2150 LINDEN BOULEVARD
247,BOULEVARD,BROOKLYN,1,046,12/28/2021,7,3043550001,1,M,785 SCHENCK AVENUE
248,BOULEVARD,BROOKLYN,1,046,12/28/2021,7,3043550001,1,M,797 SCHENCK AVENUE
249,BOULEVARD,BROOKLYN,1,046,12/28/2021,7,3043550001,10,M,842 ASHFORD STREET
250,BOULEVARD,BROOKLYN,1,046,12/28/2021,7,3043550001,10,M,854 ASHFORD STREET
251,BOULEVARD,BROOKLYN,1,046,12/28/2021,7,3043550001,10,,773 STANLEY AVENUE
252,BOULEVARD,BROOKLYN,1,046,12/28/2021,7,3043770001,11,M,845 SCHENCK AVENUE
253,BOULEVARD,BROOKLYN,1,046,12/28/2021,7,3043770001,11,M,857 SCHENCK AVENUE
254,BOULEVARD,BROOKLYN,1,046,12/28/2021,7,3043770001,12,M,881 SCHENCK AVENUE
255,BOULEVARD,BROOKLYN,1,046,12/28/2021,7,3043770001,12,M,893 SCHENCK AVENUE
256,BOULEVARD,BROOKLYN,1,046,12/28/2021,7,3043770001,13,M,738 STANLEY AVENUE
257,BOULEVARD,BROOKLYN,1,046,12/28/2021,7,3043770001,13,,726 STANLEY AVENUE
258,BOULEVARD,BROOKLYN,1,046,12/28/2021,7,3043770001,13,M,740 STANLEY AVENUE
259,BOULEVARD,BROOKLYN,1,046,12/28/2021,7,3043770001,14,M,359 WORTMAN AVENUE
260,BOULEVARD,BROOKLYN,1,046,12/28/2021,7,3043770001,14,M,357 WORTMAN AVENUE
261,BOULEVARD,BROOKLYN,1,046,12/28/2021,7,3043770001,15,M,756 STANLEY AVENUE
262,BOULEVARD,BROOKLYN,1,046,12/28/2021,7,3043770001,15,,772 STANLEY AVENUE
263,BOULEVARD,BROOKLYN,1,046,12/28/2021,7,3043770001,15,M,758 STANLEY AVENUE
264,BOULEVARD,BROOKLYN,1,046,12/28/2021,7,3043770001,16,M,363 WORTMAN AVENUE
265,BOULEVARD,BROOKLYN,1,046,12/28/2021,7,3043770001,16,M,361 WORTMAN AVENUE
266,BOULEVARD,BROOKLYN,1,046,12/28/2021,7,3043770001,17,M,872 ASHFORD STREET
267,BUSHWICK II (GROUPS A & C),BROOKLYN,300,302,7/18/2019,8,,,M,
268,BUSHWICK II (GROUPS A & C),BROOKLYN,300,302,7/18/2019,8,,,M,
269,BUSHWICK II (GROUPS A & C),BROOKLYN,300,302,7/18/2019,8,,,M,
270,BUSHWICK II (GROUPS A & C),BROOKLYN,300,302,7/18/2019,8,,,M,
271,BUSHWICK II (GROUPS A & C),BROOKLYN,300,302,7/18/2019,8,,,M,
272,BUSHWICK II (GROUPS A & C),BROOKLYN,300,302,7/18/2019,8,,,M,
273,BUSHWICK II (GROUPS A & C),BROOKLYN,300,302,7/18/2019,8,,,M,
274,BUSHWICK II (GROUPS A & C),BROOKLYN,300,302,7/18/2019,8,,,M,
275,BUSHWICK II (GROUPS A & C),BROOKLYN,300,302,7/18/2019,8,,,M,
276,BUSHWICK II (GROUPS A & C),BROOKLYN,300,302,7/18/2019,8,,,M,
277,BUSHWICK II (GROUPS A & C),BROOKLYN,300,302,7/18/2019,8,,,,
278,BUSHWICK II (GROUPS A & C),BROOKLYN,300,302,7/18/2019,8,,,M,
279,BUSHWICK II (GROUPS A & C),BROOKLYN,300,302,7/18/2019,8,,,,
280,BUSHWICK II (GROUPS A & C),BROOKLYN,300,302,7/18/2019,8,,,M,
281,BUSHWICK II (GROUPS B & D),BROOKLYN,300,303,7/18/2019,8,3034100033,1,M,580 CENTRAL AVENUE
282,BUSHWICK II (GROUPS B & D),BROOKLYN,300,303,7/18/2019,8,3032760001,10,M,140 HIMROD STREET
283,BUSHWICK II (GROUPS B & D),BROOKLYN,300,303,7/18/2019,8,3032760001,11,M,139 HARMAN STREET
284,BUSHWICK II (GROUPS B & D),BROOKLYN,300,303,7/18/2019,8,3032760001,12,M,251 CENTRAL AVENUE
285,BUSHWICK II (GROUPS B & D),BROOKLYN,300,303,7/18/2019,8,3032750047,13,M,270 CENTRAL AVENUE
286,BUSHWICK II (GROUPS B & D),BROOKLYN,300,303,7/18/2019,8,3032850049,14,M,290 CENTRAL AVENUE
287,BUSHWICK II (GROUPS B & D),BROOKLYN,300,303,7/18/2019,8,3032960046,15,M,310 CENTRAL AVENUE
288,BUSHWICK II (GROUPS B & D),BROOKLYN,300,303,7/18/2019,8,3032860001,16,M,250 WILSON AVENUE
289,BUSHWICK II (GROUPS B & D),BROOKLYN,300,303,7/18/2019,8,3032860001,17,M,190 HARMAN STREET
290,BUSHWICK II (GROUPS B & D),BROOKLYN,300,303,7/18/2019,8,3032860001,18,M,1259 GREENE AVENUE
291,BUSHWICK II (GROUPS B & D),BROOKLYN,300,303,7/18/2019,8,3032860001,19,M,140 HARMAN STREET
292,BUSHWICK II (GROUPS B & D),BROOKLYN,300,303,7/18/2019,8,3034100033,2,M,155 ELDERT STREET
293,BUSHWICK II (GROUPS B & D),BROOKLYN,300,303,7/18/2019,8,3032860001,20,M,1229 GREENE AVENUE
294,BUSHWICK II (GROUPS B & D),BROOKLYN,300,303,7/18/2019,8,3032860001,21,M,269 CENTRAL AVENUE
295,BUSHWICK II (GROUPS B & D),BROOKLYN,300,303,7/18/2019,8,3032970001,22,M,270 WILSON AVENUE
296,BUSHWICK II (GROUPS B & D),BROOKLYN,300,303,7/18/2019,8,3032970001,23,M,1280 GREENE AVENUE
297,BUSHWICK II (GROUPS B & D),BROOKLYN,300,303,7/18/2019,8,3032970001,24,M,1240 GREENE AVENUE
298,BUSHWICK II (GROUPS B & D),BROOKLYN,300,303,7/18/2019,8,3032970001,25,M,289 CENTRAL AVENUE
299,BUSHWICK II (GROUPS B & D),BROOKLYN,300,303,7/18/2019,8,3034030001,3,M,595 EVERGREEN AVENUE
300,BUSHWICK II (GROUPS B & D),BROOKLYN,300,303,7/18/2019,8,3034100001,4,M,615 EVERGREEN AVENUE
301,BUSHWICK II (GROUPS B & D),BROOKLYN,300,303,7/18/2019,8,3034150039,5,M,690 EVERGREEN AVENUE
302,BUSHWICK II (GROUPS B & D),BROOKLYN,300,303,7/18/2019,8,3034090032,6,M,670 EVERGREEN AVENUE
303,BUSHWICK II (GROUPS B & D),BROOKLYN,300,303,7/18/2019,8,3034150039,7,M,85 COVERT STREET
304,BUSHWICK II (GROUPS B & D),BROOKLYN,300,303,7/18/2019,8,3034150039,8,M,75 COVERT STREET
305,BUSHWICK II (GROUPS B & D),BROOKLYN,300,303,7/18/2019,8,3032760001,9,M,160 HIMROD STREET
306,BUSHWICK II (GROUPS B & D),BROOKLYN,300,303,7/18/2019,8,3033320001,26,M,1201 GATES AVENUE
307,BUSHWICK II (GROUPS B & D),BROOKLYN,300,303,7/18/2019,8,3033320001,27,M,415 EVERGREEN AVENUE
308,BUSHWICK II (GROUPS B & D),BROOKLYN,300,303,7/18/2019,8,3033410001,28,M,431 EVERGREEN AVENUE
309,BUSHWICK II (GROUPS B & D),BROOKLYN,300,303,7/18/2019,8,3033410001,29,M,1210 GATES AVENUE
310,BUSHWICK II (GROUPS B & D),BROOKLYN,300,303,7/18/2019,8,3033410001,30,M,1230 GATES AVENUE
311,BUSHWICK II (GROUPS B & D),BROOKLYN,300,303,7/18/2019,8,3033410001,31,M,1240 GATES AVENUE
312,BUSHWICK II CDA (GROUP E),BROOKLYN,276,324,7/18/2019,9,,,M,
313,BUSHWICK II CDA (GROUP E),BROOKLYN,276,324,7/18/2019,9,,,M,
314,BUSHWICK II CDA (GROUP E),BROOKLYN,276,324,7/18/2019,9,,,M,
315,BUSHWICK II CDA (GROUP E),BROOKLYN,276,324,7/18/2019,9,,,M,
316,BUSHWICK II CDA (GROUP E),BROOKLYN,276,324,7/18/2019,9,,,M,
317,BUSHWICK II CDA (GROUP E),BROOKLYN,276,324,7/18/2019,9,,,M,
318,BUSHWICK II CDA (GROUP E),BROOKLYN,276,324,7/18/2019,9,,,M,
319,BUSHWICK II CDA (GROUP E),BROOKLYN,276,324,7/18/2019,9,,,M,
320,BUSHWICK II CDA (GROUP E),BROOKLYN,276,324,7/18/2019,9,,,M,
321,BUSHWICK II CDA (GROUP E),BROOKLYN,276,324,7/18/2019,9,,,M,
322,BUSHWICK II CDA (GROUP E),BROOKLYN,276,324,7/18/2019,9,,,M,
323,BUSHWICK II CDA (GROUP E),BROOKLYN,276,324,7/18/2019,9,,,M,
324,BUSHWICK II CDA (GROUP E),BROOKLYN,276,324,7/18/2019,9,,,M,
325,BUSHWICK II CDA (GROUP E),BROOKLYN,276,324,7/18/2019,9,,,M,
326,BUSHWICK II CDA (GROUP E),BROOKLYN,276,324,7/18/2019,9,,,M,
327,BUSHWICK II CDA (GROUP E),BROOKLYN,276,324,7/18/2019,9,,,M,
328,BUSHWICK II CDA (GROUP E),BROOKLYN,276,324,7/18/2019,9,,,M,
329,BUSHWICK II CDA (GROUP E),BROOKLYN,276,324,7/18/2019,9,,,M,
330,BUSHWICK II CDA (GROUP E),BROOKLYN,276,324,7/18/2019,9,,,,
331,BUSHWICK II CDA (GROUP E),BROOKLYN,276,324,7/18/2019,9,,,,
332,BUSHWICK II CDA (GROUP E),BROOKLYN,276,324,7/18/2019,9,3033340001,,,1387 GATES AVENUE
333,BUSHWICK II CDA (GROUP E),BROOKLYN,276,324,7/18/2019,9,3033340022,,,230 LINDEN STREET
334,BUSHWICK II CDA (GROUP E),BROOKLYN,276,324,7/18/2019,9,3033160001,1,M,176 MENAHAN STREET
335,BUSHWICK II CDA (GROUP E),BROOKLYN,276,324,7/18/2019,9,3033160001,1,M,172 MENAHAN STREET
336,BUSHWICK II CDA (GROUP E),BROOKLYN,276,324,7/18/2019,9,3033160001,1,M,319 WILSON AVENUE
337,BUSHWICK II CDA (GROUP E),BROOKLYN,276,324,7/18/2019,9,3033160001,1,M,323 WILSON AVENUE
338,BUSHWICK II CDA (GROUP E),BROOKLYN,276,324,7/18/2019,9,3033160001,1,M,327 WILSON AVENUE
339,BUSHWICK II CDA (GROUP E),BROOKLYN,276,324,7/18/2019,9,3033250001,2,M,242 GROVE STREET
340,BUSHWICK II CDA (GROUP E),BROOKLYN,276,324,7/18/2019,9,3033250001,2,M,238 GROVE STREET
341,BUSHWICK II CDA (GROUP E),BROOKLYN,276,324,7/18/2019,9,3033250001,2,M,234 GROVE STREET
342,BUSHWICK II CDA (GROUP E),BROOKLYN,276,324,7/18/2019,9,3033250001,2,M,230 GROVE STREET
343,BUSHWICK II CDA (GROUP E),BROOKLYN,276,324,7/18/2019,9,3033250001,2,M,226 GROVE STREET
344,BUSHWICK II CDA (GROUP E),BROOKLYN,276,324,7/18/2019,9,3033250001,2,M,339 WILSON AVENUE
345,BUSHWICK II CDA (GROUP E),BROOKLYN,276,324,7/18/2019,9,3033250001,2,M,343 WILSON AVENUE
346,BUSHWICK II CDA (GROUP E),BROOKLYN,276,324,7/18/2019,9,3033250001,2,M,347 WILSON AVENUE
347,BUSHWICK II CDA (GROUP E),BROOKLYN,276,324,7/18/2019,9,3033250001,3,M,235 LINDEN STREET
348,BUSHWICK II CDA (GROUP E),BROOKLYN,276,324,7/18/2019,9,3033250001,3,M,239 LINDEN STREET
349,BUSHWICK II CDA (GROUP E),BROOKLYN,276,324,7/18/2019,9,3033250001,3,M,243 LINDEN STREET
350,BUSHWICK II CDA (GROUP E),BROOKLYN,276,324,7/18/2019,9,3033250001,3,M,247 LINDEN STREET
351,BUSHWICK II CDA (GROUP E),BROOKLYN,276,324,7/18/2019,9,3033250001,3,M,251 LINDEN STREET
352,BUSHWICK II CDA (GROUP E),BROOKLYN,276,324,7/18/2019,9,3033250001,3,M,532 KNICKERBOCKER AVENUE
353,BUSHWICK II CDA (GROUP E),BROOKLYN,276,324,7/18/2019,9,3033250001,3,M,528 KNICKERBOCKER AVENUE
354,BUSHWICK II CDA (GROUP E),BROOKLYN,276,324,7/18/2019,9,3033250001,3,M,524 KNICKERBOCKER AVENUE
355,BUSHWICK II CDA (GROUP E),BROOKLYN,276,324,7/18/2019,9,3033340001,4,M,236 LINDEN STREET
356,BUSHWICK II CDA (GROUP E),BROOKLYN,276,324,7/18/2019,9,3033340001,4,M,232 LINDEN STREET
357,BUSHWICK II CDA (GROUP E),BROOKLYN,276,324,7/18/2019,9,3033340001,4,M,228 LINDEN STREET
358,BUSHWICK II CDA (GROUP E),BROOKLYN,276,324,7/18/2019,9,3033340001,4,M,224 LINDEN STREET
359,BUSHWICK II CDA (GROUP E),BROOKLYN,276,324,7/18/2019,9,3033340001,4,M,220 LINDEN STREET
360,BUSHWICK II CDA (GROUP E),BROOKLYN,276,324,7/18/2019,9,3033340001,4,M,357 WILSON AVENUE
361,BUSHWICK II CDA (GROUP E),BROOKLYN,276,324,7/18/2019,9,3033340001,4,M,361 WILSON AVENUE
362,CLAREMONT PARKWAY-FRANKLIN AVENUE,BRONX,188,334,11/28/2023,10,,,M,
363,CLAREMONT PARKWAY-FRANKLIN AVENUE,BRONX,188,334,11/28/2023,10,,,M,
364,CLAREMONT PARKWAY-FRANKLIN AVENUE,BRONX,188,334,11/28/2023,10,,,M,
365,CLAREMONT PARKWAY-FRANKLIN AVENUE,BRONX,188,334,11/28/2023,10,,,M,
366,CLAREMONT PARKWAY-FRANKLIN AVENUE,BRONX,188,334,11/28/2023,10,,,M,
367,CLAREMONT PARKWAY-FRANKLIN AVENUE,BRONX,188,334,11/28/2023,10,,,M,
368,CLAREMONT PARKWAY-FRANKLIN AVENUE,BRONX,188,334,11/28/2023,10,,,M,
369,CLAREMONT PARKWAY-FRANKLIN AVENUE,BRONX,188,334,11/28/2023,10,,,M,
370,CROWN HEIGHTS,BROOKLYN,121,312,11/28/2023,10,2029280028,1,M,1525 FULTON AVENUE
371,CROWN HEIGHTS,BROOKLYN,121,312,11/28/2023,10,2029280028,1,M,1531 FULTON AVENUE
372,CROWN HEIGHTS,BROOKLYN,121,312,11/28/2023,10,2029280028,1,M,1535 FULTON AVENUE
373,CROWN HEIGHTS,BROOKLYN,121,312,11/28/2023,10,2029280028,1,M,1545 FULTON AVENUE
374,CROWN HEIGHTS,BROOKLYN,121,312,11/28/2023,10,2029280028,1,M,560 CLAREMONT PARKWAY
375,CROWN HEIGHTS,BROOKLYN,121,312,11/28/2023,10,2029280028,1,M,550 CLAREMONT PARKWAY
376,CROWN HEIGHTS,BROOKLYN,121,312,11/28/2023,10,2029280028,1,M,544 CLAREMONT PARKWAY
377,CROWN HEIGHTS,BROOKLYN,121,312,11/28/2023,10,2029280028,2,M,3820 3RD AVENUE
378,CROWN HEIGHTS,BROOKLYN,121,312,11/28/2023,10,2029280028,2,M,3812 3RD AVENUE
379,CROWN HEIGHTS,BROOKLYN,121,312,11/28/2023,10,2029280028,2,M,3808 3RD AVENUE
380,CROWN HEIGHTS,BROOKLYN,121,312,11/28/2023,10,2029280028,2,M,3804 3RD AVENUE
381,CROWN HEIGHTS,BROOKLYN,121,312,11/28/2023,10,2029280028,2,M,3800 3RD AVENUE
382,CROWN HEIGHTS,BROOKLYN,121,312,11/28/2023,10,2029310086,3,M,1325 FRANKLIN AVENUE
383,CROWN HEIGHTS,BROOKLYN,121,312,11/28/2023,10,2029310086,3,,1315 FRANKLIN AVENUE
384,DAVIDSON,BRONX,175,190,11/28/2023,10,3013810013,1,M,1634 STERLING PLACE
385,DAVIDSON,BRONX,175,190,11/28/2023,10,3013570068,2,M,1367 SAINT MARKS AVENUE
386,DAVIDSON,BRONX,175,190,11/28/2023,10,3013570065,3,M,1371 SAINT MARKS AVENUE
387,DAVIDSON,BRONX,175,190,11/28/2023,10,3013690058,4,M,1629 PARK PLACE
388,DAVIDSON,BRONX,175,190,11/28/2023,10,3013750029,5,M,1630 PARK PLACE
389,DAVIDSON,BRONX,175,190,11/28/2023,10,3013750031,6,M,1636 PARK PLACE
390,DAVIDSON,BRONX,175,190,11/28/2023,10,3013750034,7,M,1640 PARK PLACE
391,DAVIDSON,BRONX,175,190,11/28/2023,10,3013750036,8,M,1646 PARK PLACE
392,EAGLE AVENUE-EAST 163RD STREET,BRONX,66,224,11/28/2023,10,2026800019,1,M,1150 UNION AVENUE
393,EAGLE AVENUE-EAST 163RD STREET,BRONX,66,224,11/28/2023,10,2026800019,1,,1152 UNION AVENUE
394,EAGLE AVENUE-EAST 163RD STREET,BRONX,66,224,11/28/2023,10,2026800019,1,,1221 PROSPECT AVENUE
395,EAGLE AVENUE-EAST 163RD STREET,BRONX,66,224,11/28/2023,10,2026800019,1,M,818 HOME STREET
396,EAGLE AVENUE-EAST 163RD STREET,BRONX,66,224,11/28/2023,10,2026200036,1,,907 EAGLE AVENUE
397,EDENWALD,BRONX,2,057,6/27/2023,11,2049050001,,,1895 SCHIEFFELIN AVENUE
398,EDENWALD,BRONX,2,057,6/27/2023,11,2049050001,1,M,1180 GRENADA PLACE
399,EDENWALD,BRONX,2,057,6/27/2023,11,2049050001,1,M,1186 GRENADA PLACE
400,EDENWALD,BRONX,2,057,6/27/2023,11,2049050001,10,M,1166 GRENADA PLACE
401,EDENWALD,BRONX,2,057,6/27/2023,11,2049050001,10,M,1160 GRENADA PLACE
402,EDENWALD,BRONX,2,057,6/27/2023,11,2049050001,11,M,1137 229TH DRIVE NORTH
403,EDENWALD,BRONX,2,057,6/27/2023,11,2049050001,11,M,1139 229TH DRIVE NORTH
404,EDENWALD,BRONX,2,057,6/27/2023,11,2049050001,12,M,1125 229TH DRIVE NORTH
405,EDENWALD,BRONX,2,057,6/27/2023,11,2049050001,12,M,1127 229TH DRIVE NORTH
406,EDENWALD,BRONX,2,057,6/27/2023,11,2049050001,13,M,1107 EAST 229TH STREET
407,EDENWALD,BRONX,2,057,6/27/2023,11,2049050001,13,M,1111 EAST 229TH STREET
408,EDENWALD,BRONX,2,057,6/27/2023,11,2049050001,14,M,1135 EAST 229TH STREET
409,EDENWALD,BRONX,2,057,6/27/2023,11,2049050001,14,,1126 229TH DRIVE NORTH
410,EDENWALD,BRONX,2,057,6/27/2023,11,2049050001,15,M,1141 EAST 229TH STREET
411,EDENWALD,BRONX,2,057,6/27/2023,11,2049050001,16,,1145 EAST 229TH STREET
412,EDENWALD,BRONX,2,057,6/27/2023,11,2049050001,16,M,1151 EAST 229TH STREET
413,EDENWALD,BRONX,2,057,6/27/2023,11,2049050001,16,,1146 229TH DRIVE NORTH
414,EDENWALD,BRONX,2,057,6/27/2023,11,2049050001,17,M,1165 EAST 229TH STREET
415,EDENWALD,BRONX,2,057,6/27/2023,11,2049050001,18,M,1175 EAST 229TH STREET
416,EDENWALD,BRONX,2,057,6/27/2023,11,2049050001,19,M,1189 229TH DRIVE NORTH
417,EDENWALD,BRONX,2,057,6/27/2023,11,2049050001,19,M,1195 EAST 229TH STREET
418,EDENWALD,BRONX,2,057,6/27/2023,11,2049050001,2,M,3881 BAYCHESTER AVENUE
419,EDENWALD,BRONX,2,057,6/27/2023,11,2049050001,2,M,3885 BAYCHESTER AVENUE
420,EDENWALD,BRONX,2,057,6/27/2023,11,2049050001,20,M,1170 229TH DRIVE SOUTH
421,EDENWALD,BRONX,2,057,6/27/2023,11,2049050001,21,,1135 229TH DRIVE SOUTH
422,EDENWALD,BRONX,2,057,6/27/2023,11,2049050001,21,M,1153 229TH DRIVE SOUTH
423,EDENWALD,BRONX,2,057,6/27/2023,11,2049050001,21,M,1155 229TH DRIVE SOUTH
424,EDENWALD,BRONX,2,057,6/27/2023,11,2049050001,22,,1130 229TH DRIVE SOUTH
425,EDENWALD,BRONX,2,057,6/27/2023,11,2049050001,22,M,1132 229TH DRIVE SOUTH
426,EDENWALD,BRONX,2,057,6/27/2023,11,2049050001,23,M,1128 EAST 229TH STREET
427,EDENWALD,BRONX,2,057,6/27/2023,11,2049050001,23,M,1120 EAST 229TH STREET
428,EDENWALD,BRONX,2,057,6/27/2023,11,2049050001,24,M,4044 LACONIA AVENUE
429,EDENWALD,BRONX,2,057,6/27/2023,11,2049050001,24,M,4040 LACONIA AVENUE
430,EDENWALD,BRONX,2,057,6/27/2023,11,2049050001,25,M,4056 LACONIA AVENUE
431,EDENWALD,BRONX,2,057,6/27/2023,11,2049050001,25,M,4064 LACONIA AVENUE
432,EDENWALD,BRONX,2,057,6/27/2023,11,2049050001,26,M,4020 LACONIA AVENUE
433,EDENWALD,BRONX,2,057,6/27/2023,11,2049050001,26,M,4024 LACONIA AVENUE
434,EDENWALD,BRONX,2,057,6/27/2023,11,2049050001,27,M,4034 LACONIA AVENUE
435,EDENWALD,BRONX,2,057,6/27/2023,11,2049050001,27,M,4030 LACONIA AVENUE
436,EDENWALD,BRONX,2,057,6/27/2023,11,2049050001,28,M,1138 229TH DRIVE SOUTH
437,EDENWALD,BRONX,2,057,6/27/2023,11,2049050001,29,M,1154 229TH DRIVE SOUTH
438,EDENWALD,BRONX,2,057,6/27/2023,11,2049050001,3,M,3861 BAYCHESTER AVENUE
439,EDENWALD,BRONX,2,057,6/27/2023,11,2049050001,3,M,3865 BAYCHESTER AVENUE
440,EDENWALD,BRONX,2,057,6/27/2023,11,2049050001,30,M,1160 229TH DRIVE SOUTH
441,EDENWALD,BRONX,2,057,6/27/2023,11,2049050001,31,M,1187 226TH DRIVE
442,EDENWALD,BRONX,2,057,6/27/2023,11,2049050001,31,M,1183 226TH DRIVE
443,EDENWALD,BRONX,2,057,6/27/2023,11,2049050001,32,M,1169 226TH DRIVE
444,EDENWALD,BRONX,2,057,6/27/2023,11,2049050001,32,M,1165 226TH DRIVE
445,EDENWALD,BRONX,2,057,6/27/2023,11,2049050001,33,,1151 226TH DRIVE
446,EDENWALD,BRONX,2,057,6/27/2023,11,2049050001,33,M,1145 226TH DRIVE
447,FENIMORE-LEFFERTS,BROOKLYN,36,205,11/28/2023,12,,,M,
448,FENIMORE-LEFFERTS,BROOKLYN,36,205,11/28/2023,12,,,M,
449,FENIMORE-LEFFERTS,BROOKLYN,36,205,11/28/2023,12,,,M,
450,FENIMORE-LEFFERTS,BROOKLYN,36,205,11/28/2023,12,,,M,
451,FENIMORE-LEFFERTS,BROOKLYN,36,205,11/28/2023,12,,,M,
452,FENIMORE-LEFFERTS,BROOKLYN,36,205,11/28/2023,12,,,M,
453,FENIMORE-LEFFERTS,BROOKLYN,36,205,11/28/2023,12,,,M,
454,FENIMORE-LEFFERTS,BROOKLYN,36,205,11/28/2023,12,,,M,
455,FENIMORE-LEFFERTS,BROOKLYN,36,205,11/28/2023,12,,,M,
456,FENIMORE-LEFFERTS,BROOKLYN,36,205,11/28/2023,12,,,M,
457,FENIMORE-LEFFERTS,BROOKLYN,36,205,11/28/2023,12,,,M,
458,FENIMORE-LEFFERTS,BROOKLYN,36,205,11/28/2023,12,,,M,
459,FENIMORE-LEFFERTS,BROOKLYN,36,205,11/28/2023,12,,,M,
460,FENIMORE-LEFFERTS,BROOKLYN,36,205,11/28/2023,12,,,M,
461,FENIMORE-LEFFERTS,BROOKLYN,36,205,11/28/2023,12,,,M,
462,FENIMORE-LEFFERTS,BROOKLYN,36,205,11/28/2023,12,,,M,
463,FENIMORE-LEFFERTS,BROOKLYN,36,205,11/28/2023,12,,,,
464,FENIMORE-LEFFERTS,BROOKLYN,36,205,11/28/2023,12,,,,
465,FENIMORE-LEFFERTS,BROOKLYN,36,205,11/28/2023,12,,,,
466,FENIMORE-LEFFERTS,BROOKLYN,36,205,11/28/2023,12,,,M,
467,FENIMORE-LEFFERTS,BROOKLYN,36,205,11/28/2023,12,,,M,
468,FENIMORE-LEFFERTS,BROOKLYN,36,205,11/28/2023,12,,,M,
469,FENIMORE-LEFFERTS,BROOKLYN,36,205,11/28/2023,12,,,M,
470,FENIMORE-LEFFERTS,BROOKLYN,36,205,11/28/2023,12,,,M,
471,FENIMORE-LEFFERTS,BROOKLYN,36,205,11/28/2023,12,,,M,
472,FENIMORE-LEFFERTS,BROOKLYN,36,205,11/28/2023,12,,,,
473,FENIMORE-LEFFERTS,BROOKLYN,36,205,11/28/2023,12,,,M,
474,FENIMORE-LEFFERTS,BROOKLYN,36,205,11/28/2023,12,,,M,
475,FENIMORE-LEFFERTS,BROOKLYN,36,205,11/28/2023,12,3048180136,1,M,752 FENIMORE STREET
476,FENIMORE-LEFFERTS,BROOKLYN,36,205,11/28/2023,12,3048180027,10,M,730 FENIMORE STREET
477,FENIMORE-LEFFERTS,BROOKLYN,36,205,11/28/2023,12,3048180026,11,M,728 FENIMORE STREET
478,FENIMORE-LEFFERTS,BROOKLYN,36,205,11/28/2023,12,3048180025,12,M,726 FENIMORE STREET
479,FENIMORE-LEFFERTS,BROOKLYN,36,205,11/28/2023,12,3013300007,13,M,334 LEFFERTS AVENUE
480,FENIMORE-LEFFERTS,BROOKLYN,36,205,11/28/2023,12,3013300008,14,M,336 LEFFERTS AVENUE
481,FENIMORE-LEFFERTS,BROOKLYN,36,205,11/28/2023,12,3013300009,15,M,338 LEFFERTS AVENUE
482,FENIMORE-LEFFERTS,BROOKLYN,36,205,11/28/2023,12,3013300010,16,M,340 LEFFERTS AVENUE
483,FENIMORE-LEFFERTS,BROOKLYN,36,205,11/28/2023,12,3013300011,17,M,342 LEFFERTS AVENUE
484,FENIMORE-LEFFERTS,BROOKLYN,36,205,11/28/2023,12,3013300012,18,M,344 LEFFERTS AVENUE
485,FENIMORE-LEFFERTS,BROOKLYN,36,205,11/28/2023,12,3048180135,2,M,750 FENIMORE STREET
486,FENIMORE-LEFFERTS,BROOKLYN,36,205,11/28/2023,12,3048180134,3,M,748 FENIMORE STREET
487,FENIMORE-LEFFERTS,BROOKLYN,36,205,11/28/2023,12,3048180133,4,M,746 FENIMORE STREET
488,FENIMORE-LEFFERTS,BROOKLYN,36,205,11/28/2023,12,3048180033,5,M,742 FENIMORE STREET
489,FENIMORE-LEFFERTS,BROOKLYN,36,205,11/28/2023,12,3048180031,6,M,740 FENIMORE STREET
490,FENIMORE-LEFFERTS,BROOKLYN,36,205,11/28/2023,12,3048180030,7,M,738 FENIMORE STREET
491,FENIMORE-LEFFERTS,BROOKLYN,36,205,11/28/2023,12,3048180029,8,M,736 FENIMORE STREET
492,FENIMORE-LEFFERTS,BROOKLYN,36,205,11/28/2023,12,3048180028,9,M,732 FENIMORE STREET
493,FIORENTINO PLAZA,BROOKLYN,160,207,12/28/2021,13,3037240027,,,260 BRADFORD STREET
494,FIORENTINO PLAZA,BROOKLYN,160,207,12/28/2021,13,3037250001,10,M,320 MILLER AVENUE
495,FIORENTINO PLAZA,BROOKLYN,160,207,12/28/2021,13,3039930001,11,M,2211 PITKIN AVENUE
496,FIORENTINO PLAZA,BROOKLYN,160,207,12/28/2021,13,3039930001,12,M,2215 PITKIN AVENUE
497,FIORENTINO PLAZA,BROOKLYN,160,207,12/28/2021,13,3039930001,13,M,2221 PITKIN AVENUE
498,FIORENTINO PLAZA,BROOKLYN,160,207,12/28/2021,13,3039930001,13,M,2219 PITKIN AVENUE
499,FIORENTINO PLAZA,BROOKLYN,160,207,12/28/2021,13,3037240029,6,M,2155 PITKIN AVENUE
500,FIORENTINO PLAZA,BROOKLYN,160,207,12/28/2021,13,3037240029,7,M,2165 PITKIN AVENUE
501,FIORENTINO PLAZA,BROOKLYN,160,207,12/28/2021,13,3037250001,8,M,2189 PITKIN AVENUE
502,FIORENTINO PLAZA,BROOKLYN,160,207,12/28/2021,13,3037250001,8,,2185 PITKIN AVENUE
503,FIORENTINO PLAZA,BROOKLYN,160,207,12/28/2021,13,3037250001,8,M,2181 PITKIN AVENUE
504,FIORENTINO PLAZA,BROOKLYN,160,207,12/28/2021,13,3037250001,9,M,340 MILLER AVENUE
505,FIORENTINO PLAZA,BROOKLYN,160,207,12/28/2021,13,3037250001,9,,330 MILLER AVENUE
506,FORT WASHINGTON AVENUE REHAB,MANHATTAN,226,309,11/30/2020,13,1021360235,1,M,99 FORT WASHINGTON AVENUE
507,FORT WASHINGTON AVENUE REHAB,MANHATTAN,226,309,11/30/2020,13,1021360235,1,M,99 FORT WASHINGTON AVENUE
508,FRANKLIN AVENUE I CONVENTIONAL,BRONX,61,525,11/30/2018,13,2029310070,10,,1375 FRANKLIN AVENUE
509,FRANKLIN AVENUE I CONVENTIONAL,BRONX,61,525,11/30/2018,13,2029310070,10,M,1373 FRANKLIN AVENUE
510,FRANKLIN AVENUE I CONVENTIONAL,BRONX,61,525,11/30/2018,13,2029310066,8,,1383 FRANKLIN AVENUE
511,FRANKLIN AVENUE I CONVENTIONAL,BRONX,61,525,11/30/2018,13,2029310066,8,M,1381 FRANKLIN AVENUE
512,FRANKLIN AVENUE I CONVENTIONAL,BRONX,61,525,11/30/2018,13,2029310068,9,M,1377 FRANKLIN AVENUE
513,FRANKLIN AVENUE I CONVENTIONAL,BRONX,61,525,11/30/2018,13,2029310068,9,,1379 FRANKLIN AVENUE
514,FRANKLIN AVENUE II CONVENTIONAL,BRONX,45,531,11/30/2018,13,2029310064,,,1385 FRANKLIN AVENUE
515,FRANKLIN AVENUE II CONVENTIONAL,BRONX,45,531,11/30/2018,13,2029350007,4,M,1394 FRANKLIN AVENUE
516,FRANKLIN AVENUE II CONVENTIONAL,BRONX,45,531,11/30/2018,13,2029350005,5,M,1392 FRANKLIN AVENUE
517,FRANKLIN AVENUE II CONVENTIONAL,BRONX,45,531,11/30/2018,13,2029350003,6,M,1390 FRANKLIN AVENUE
518,FRANKLIN AVENUE III CONVENTIONAL,BRONX,15,524,11/30/2018,13,2029350030,7,M,631 JEFFERSON PLACE
519,GRAMPION,MANHATTAN,35,281,11/30/2020,13,1019250015,1,M,182 SAINT NICHOLAS AVENUE
520,HARLEM RIVER,MANHATTAN,577,003,2/17/2022,14,1020370011,1,M,229 WEST 152ND STREET
521,HARLEM RIVER,MANHATTAN,577,003,2/17/2022,14,1020370011,1,M,225 WEST 152ND STREET
522,HARLEM RIVER,MANHATTAN,577,003,2/17/2022,14,1020370011,1,M,221 WEST 152ND STREET
523,HARLEM RIVER,MANHATTAN,577,003,2/17/2022,14,1020370011,1,M,210T WEST 153RD STREET
524,HARLEM RIVER,MANHATTAN,577,003,2/17/2022,14,1020370011,1,M,210S WEST 153RD STREET
525,HARLEM RIVER,MANHATTAN,577,003,2/17/2022,14,1020370011,1,M,210R WEST 153RD STREET
526,HARLEM RIVER,MANHATTAN,577,003,2/17/2022,14,1020370011,1,M,210Q WEST 153RD STREET
527,HARLEM RIVER,MANHATTAN,577,003,2/17/2022,14,1020370011,1,M,70 MACOMBS PLACE
528,HARLEM RIVER,MANHATTAN,577,003,2/17/2022,14,1020370011,2,M,210P WEST 153RD STREET
529,HARLEM RIVER,MANHATTAN,577,003,2/17/2022,14,1020370011,2,M,210N WEST 153RD STREET
530,HARLEM RIVER,MANHATTAN,577,003,2/17/2022,14,1020370011,2,M,210M WEST 153RD STREET
531,HARLEM RIVER,MANHATTAN,577,003,2/17/2022,14,1020370011,2,M,210L WEST 153RD STREET
532,HARLEM RIVER,MANHATTAN,577,003,2/17/2022,14,1020370011,2,,2650 A C POWELL BOULEVARD
533,HARLEM RIVER,MANHATTAN,577,003,2/17/2022,14,1020370011,2,M,210K WEST 153RD STREET
534,HARLEM RIVER,MANHATTAN,577,003,2/17/2022,14,1020370011,3,M,211J WEST 151ST STREET
535,HARLEM RIVER,MANHATTAN,577,003,2/17/2022,14,1020370011,3,M,211H WEST 151ST STREET
536,HARLEM RIVER,MANHATTAN,577,003,2/17/2022,14,1020370011,3,,2628 A C POWELL BOULEVARD
537,HARLEM RIVER,MANHATTAN,577,003,2/17/2022,14,1020370011,3,M,211G WEST 151ST STREET
538,HARLEM RIVER,MANHATTAN,577,003,2/17/2022,14,1020370011,3,,2632 A C POWELL BOULEVARD
539,HARLEM RIVER,MANHATTAN,577,003,2/17/2022,14,1020370011,3,,2630 A C POWELL BOULEVARD
540,HARLEM RIVER,MANHATTAN,577,003,2/17/2022,14,1020370011,3,M,211F WEST 151ST STREET
541,HARLEM RIVER,MANHATTAN,577,003,2/17/2022,14,1020370011,3,,2622 A C POWELL BOULEVARD
542,HARLEM RIVER,MANHATTAN,577,003,2/17/2022,14,1020370011,3,,2624 A C POWELL BOULEVARD
543,HARLEM RIVER,MANHATTAN,577,003,2/17/2022,14,1020370011,3,,2620 A C POWELL BOULEVARD
544,HARLEM RIVER,MANHATTAN,577,003,2/17/2022,14,1020370011,3,,2626 A C POWELL BOULEVARD
545,HARLEM RIVER,MANHATTAN,577,003,2/17/2022,14,1020370011,3,,207 WEST 151ST STREET
546,HARLEM RIVER,MANHATTAN,577,003,2/17/2022,14,1020370011,3,M,211E WEST 151ST STREET
547,HARLEM RIVER,MANHATTAN,577,003,2/17/2022,14,1020370011,4,M,211D WEST 151ST STREET
548,HARLEM RIVER,MANHATTAN,577,003,2/17/2022,14,1020370011,4,M,211C WEST 151ST STREET
549,HARLEM RIVER,MANHATTAN,577,003,2/17/2022,14,1020370011,4,M,211B WEST 151ST STREET
550,HARLEM RIVER,MANHATTAN,577,003,2/17/2022,14,1020370011,4,M,211A WEST 151ST STREET
551,HARLEM RIVER,MANHATTAN,577,003,2/17/2022,14,1020370011,4,M,220 WEST 152ND STREET
552,HARLEM RIVER,MANHATTAN,577,003,2/17/2022,14,1020370011,4,M,226 WEST 152ND STREET
553,HARLEM RIVER,MANHATTAN,577,003,2/17/2022,14,1020370011,4,,224 WEST 152ND STREET
554,HARLEM RIVER,MANHATTAN,577,003,2/17/2022,14,1020370011,5,M,234 WEST 152ND STREET
555,HARLEM RIVER,MANHATTAN,577,003,2/17/2022,14,1020370011,5,,231 WEST 151ST STREET
556,HARLEM RIVER,MANHATTAN,577,003,2/17/2022,14,1020370011,5,,58 MACOMBS PLACE
557,HARLEM RIVER,MANHATTAN,577,003,2/17/2022,14,1020370011,5,,58 1/2 MACOMBS PLACE
558,HARLEM RIVER,MANHATTAN,577,003,2/17/2022,14,1020370011,5,,56 1/2 MACOMBS PLACE
559,HARLEM RIVER,MANHATTAN,577,003,2/17/2022,14,1020370011,5,,54 MACOMBS PLACE
560,HARLEM RIVER,MANHATTAN,577,003,2/17/2022,14,1020370011,5,M,52 MACOMBS PLACE
561,HARLEM RIVER,MANHATTAN,577,003,2/17/2022,14,1020370011,5,,56 MACOMBS PLACE
562,HARLEM RIVER,MANHATTAN,577,003,2/17/2022,14,1020370011,5,,54 1/2 MACOMBS PLACE
563,HARLEM RIVER,MANHATTAN,577,003,2/17/2022,14,1020370011,5,M,50 MACOMBS PLACE
564,HARLEM RIVER,MANHATTAN,577,003,2/17/2022,14,1020370011,5,M,48 MACOMBS PLACE
565,HARLEM RIVER,MANHATTAN,577,003,2/17/2022,14,1020370011,5,M,46 MACOMBS PLACE
566,HARLEM RIVER,MANHATTAN,577,003,2/17/2022,14,1020370011,5,,42 1/2 MACOMBS PLACE
567,HARLEM RIVER,MANHATTAN,577,003,2/17/2022,14,1020370011,5,M,44 MACOMBS PLACE
568,HARLEM RIVER,MANHATTAN,577,003,2/17/2022,14,1020370011,5,,42 MACOMBS PLACE
569,HARLEM RIVER,MANHATTAN,577,003,2/17/2022,14,1020370011,5,,40 1/2 MACOMBS PLACE
570,HARLEM RIVER,MANHATTAN,577,003,2/17/2022,14,1020160060,6,M,2653 A C POWELL BOULEVARD
571,HARLEM RIVER II,MANHATTAN,116,147,2/17/2022,15,,,M,
572,HARLEM RIVER II,MANHATTAN,116,147,2/17/2022,15,,,M,
573,HARLEM RIVER II,MANHATTAN,116,147,2/17/2022,15,,,M,
574,HARLEM RIVER II,MANHATTAN,116,147,2/17/2022,15,,,M,
575,HARLEM RIVER II,MANHATTAN,116,147,2/17/2022,15,,,M,
576,HARLEM RIVER II,MANHATTAN,116,147,2/17/2022,15,,,M,
577,HARLEM RIVER II,MANHATTAN,116,147,2/17/2022,15,,,M,
578,HARLEM RIVER II,MANHATTAN,116,147,2/17/2022,15,,,M,
579,HARLEM RIVER II,MANHATTAN,116,147,2/17/2022,15,,,M,
580,HARLEM RIVER II,MANHATTAN,116,147,2/17/2022,15,,,M,
581,HARLEM RIVER II,MANHATTAN,116,147,2/17/2022,15,,,,
582,HARLEM RIVER II,MANHATTAN,116,147,2/17/2022,15,,,,
583,HARLEM RIVER II,MANHATTAN,116,147,2/17/2022,15,,,,
584,HARLEM RIVER II,MANHATTAN,116,147,2/17/2022,15,,,M,
585,HARLEM RIVER II,MANHATTAN,116,147,2/17/2022,15,,,M,
586,HARLEM RIVER II,MANHATTAN,116,147,2/17/2022,15,,,M,
587,HARLEM RIVER II,MANHATTAN,116,147,2/17/2022,15,,,M,
588,HARLEM RIVER II,MANHATTAN,116,147,2/17/2022,15,,,M,
589,HIGHBRIDGE REHABS (ANDERSON AVENUE),BRONX,135,370,11/30/2018,15,1020370001,8,M,2850 FREDERICK DOUGLASS BOULEVARD
590,HIGHBRIDGE REHABS (ANDERSON AVENUE),BRONX,135,370,11/30/2018,15,1020370001,8,,295 WEST 151ST STREET
591,HIGHBRIDGE REHABS (ANDERSON AVENUE),BRONX,135,370,11/30/2018,15,1020370001,8,,291 WEST 151ST STREET
592,HIGHBRIDGE REHABS (ANDERSON AVENUE),BRONX,135,370,11/30/2018,15,1020370001,8,,293 WEST 151ST STREET
593,HIGHBRIDGE REHABS (NELSON AVENUE),BRONX,80,371,11/30/2018,15,2025090018,1,M,1085 ANDERSON AVENUE
594,HIGHBRIDGE REHABS (NELSON AVENUE),BRONX,80,371,11/30/2018,15,2025140020,2,M,130 WEST 166TH STREET
595,HIGHBRIDGE REHABS (NELSON AVENUE),BRONX,80,371,11/30/2018,15,2025140015,3,M,134 WEST 166TH STREET
596,HIGHBRIDGE REHABS (NELSON AVENUE),BRONX,80,371,11/30/2018,15,2025140077,4,M,125 WEST 166TH STREET
597,HOPE GARDENS,BROOKLYN,330,247,7/18/2019,15,2025140073,,,1125 NELSON AVENUE
598,HOPE GARDENS,BROOKLYN,330,247,7/18/2019,15,2025140072,,,1127 NELSON AVENUE
599,HOPE GARDENS,BROOKLYN,330,247,7/18/2019,15,2025140070,,,1135 NELSON AVENUE
600,HOPE GARDENS,BROOKLYN,330,247,7/18/2019,15,2025150006,1,,1182 NELSON AVENUE
601,HOPE GARDENS,BROOKLYN,330,247,7/18/2019,15,2025150006,1,M,1184 NELSON AVENUE
602,HOPE GARDENS,BROOKLYN,330,247,7/18/2019,15,2025130050,2,M,1144 NELSON AVENUE
603,HOPE GARDENS,BROOKLYN,330,247,7/18/2019,15,2025140067,3,M,1139 NELSON AVENUE
604,HOPE GARDENS,BROOKLYN,330,247,7/18/2019,15,3033150001,1,,331 CENTRAL AVENUE
605,HOPE GARDENS,BROOKLYN,330,247,7/18/2019,15,3033150001,1,M,120 MENAHAN STREET
606,HOWARD AVENUE,BROOKLYN,150,339,11/28/2023,16,,,M,
607,HOWARD AVENUE,BROOKLYN,150,339,11/28/2023,16,,,,
608,HOWARD AVENUE,BROOKLYN,150,339,11/28/2023,16,,,M,
609,HOWARD AVENUE,BROOKLYN,150,339,11/28/2023,16,,,,
610,HOWARD AVENUE,BROOKLYN,150,339,11/28/2023,16,,,,
611,HOWARD AVENUE-PARK PLACE,BROOKLYN,156,365,11/28/2023,16,3035110013,,,43 TAPSCOTT STREET
612,HOWARD AVENUE-PARK PLACE,BROOKLYN,156,365,11/28/2023,16,3035120051,1,M,32 GRAFTON STREET
613,HOWARD AVENUE-PARK PLACE,BROOKLYN,156,365,11/28/2023,16,3035120051,1,M,36 GRAFTON STREET
614,HOWARD AVENUE-PARK PLACE,BROOKLYN,156,365,11/28/2023,16,3035120051,1,M,40 GRAFTON STREET
615,HOWARD AVENUE-PARK PLACE,BROOKLYN,156,365,11/28/2023,16,3035120051,1,M,44 GRAFTON STREET
616,HOWARD AVENUE-PARK PLACE,BROOKLYN,156,365,11/28/2023,16,3035120051,1,M,48 GRAFTON STREET
617,HOWARD AVENUE-PARK PLACE,BROOKLYN,156,365,11/28/2023,16,3035120021,2,M,583 HOWARD AVENUE
618,HOWARD AVENUE-PARK PLACE,BROOKLYN,156,365,11/28/2023,16,3035120021,2,,575 HOWARD AVENUE
619,HOWARD AVENUE-PARK PLACE,BROOKLYN,156,365,11/28/2023,16,3035120021,2,,571 HOWARD AVENUE
620,HOWARD AVENUE-PARK PLACE,BROOKLYN,156,365,11/28/2023,16,3035120021,2,,579 HOWARD AVENUE
621,HOWARD AVENUE-PARK PLACE,BROOKLYN,156,365,11/28/2023,16,3035120021,2,M,587 HOWARD AVENUE
622,HOWARD AVENUE-PARK PLACE,BROOKLYN,156,365,11/28/2023,16,3035120021,2,M,591 HOWARD AVENUE
623,HOWARD AVENUE-PARK PLACE,BROOKLYN,156,365,11/28/2023,16,3035120021,2,M,595 HOWARD AVENUE
624,HOWARD AVENUE-PARK PLACE,BROOKLYN,156,365,11/28/2023,16,3035120021,2,M,599 HOWARD AVENUE
625,HOWARD AVENUE-PARK PLACE,BROOKLYN,156,365,11/28/2023,16,3035120021,2,M,603 HOWARD AVENUE
626,HOWARD AVENUE-PARK PLACE,BROOKLYN,156,365,11/28/2023,16,3035120021,2,M,607 HOWARD AVENUE
627,HOWARD AVENUE-PARK PLACE,BROOKLYN,156,365,11/28/2023,16,3035120021,2,M,611 HOWARD AVENUE
628,HOWARD AVENUE-PARK PLACE,BROOKLYN,156,365,11/28/2023,16,3035110022,3,M,574 HOWARD AVENUE
629,HOWARD AVENUE-PARK PLACE,BROOKLYN,156,365,11/28/2023,16,3035110022,3,M,578 HOWARD AVENUE
630,HOWARD AVENUE-PARK PLACE,BROOKLYN,156,365,11/28/2023,16,3035110022,3,M,582 HOWARD AVENUE
631,HOWARD AVENUE-PARK PLACE,BROOKLYN,156,365,11/28/2023,16,3035110046,4,M,602 HOWARD AVENUE
632,HOWARD AVENUE-PARK PLACE,BROOKLYN,156,365,11/28/2023,16,3035110046,4,M,606 HOWARD AVENUE
633,HOWARD AVENUE-PARK PLACE,BROOKLYN,156,365,11/28/2023,16,3035110046,4,M,610 HOWARD AVENUE
634,HOWARD AVENUE-PARK PLACE,BROOKLYN,156,365,11/28/2023,16,3035110046,4,M,614 HOWARD AVENUE
635,HOWARD AVENUE-PARK PLACE,BROOKLYN,156,365,11/28/2023,16,3035110022,5,M,1 TAPSCOTT STREET
636,HOWARD AVENUE-PARK PLACE,BROOKLYN,156,365,11/28/2023,16,3035110022,5,M,5 TAPSCOTT STREET
637,HOWARD AVENUE-PARK PLACE,BROOKLYN,156,365,11/28/2023,16,3035110022,5,M,9 TAPSCOTT STREET
638,HOWARD AVENUE-PARK PLACE,BROOKLYN,156,365,11/28/2023,16,3035110022,5,M,13 TAPSCOTT STREET
639,HOWARD AVENUE-PARK PLACE,BROOKLYN,156,365,11/28/2023,16,3035110022,5,M,17 TAPSCOTT STREET
640,HOWARD AVENUE-PARK PLACE,BROOKLYN,156,365,11/28/2023,16,3035120051,6,,48REAR GRAFTON STREET
641,HOWARD AVENUE-PARK PLACE,BROOKLYN,156,365,11/28/2023,16,3014700148,,,
642,HOWARD AVENUE-PARK PLACE,BROOKLYN,156,365,11/28/2023,16,3014710055,,,1481 EASTERN PARKWAY
643,HOWARD AVENUE-PARK PLACE,BROOKLYN,156,365,11/28/2023,16,3014710053,,,1483 EASTERN PARKWAY
644,HOWARD AVENUE-PARK PLACE,BROOKLYN,156,365,11/28/2023,16,3014710053,,,1485 EASTERN PARKWAY
645,HOWARD AVENUE-PARK PLACE,BROOKLYN,156,365,11/28/2023,16,3014700051,,,1695 SAINT JOHNS PLACE
646,HOWARD AVENUE-PARK PLACE,BROOKLYN,156,365,11/28/2023,16,3014700050,,,1697 SAINT JOHNS PLACE
647,HOWARD AVENUE-PARK PLACE,BROOKLYN,156,365,11/28/2023,16,3014700049,,,1701 SAINT JOHNS PLACE
648,HOWARD AVENUE-PARK PLACE,BROOKLYN,156,365,11/28/2023,16,3014700048,,,1703 SAINT JOHNS PLACE
649,HOWARD AVENUE-PARK PLACE,BROOKLYN,156,365,11/28/2023,16,3014700024,,,1738 STERLING PLACE
650,HOWARD AVENUE-PARK PLACE,BROOKLYN,156,365,11/28/2023,16,3014700025,,,1740 STERLING PLACE
651,,,,,,17,,,,
652,,,,,,17,,,,
653,,,,,,17,,,,
654,,,,,,17,,,,
655,,,,,,17,,,,
656,,,,,,17,,,,
657,,,,,,17,,,,
658,,,,,,17,,,,
659,,,,,,17,,,,
660,,,,,,17,,,,
661,,,,,,17,,,,
662,,,,,,17,,,,
663,,,,,,17,,,,
664,,,,,,17,,,,
665,,,,,,17,,,,
666,,,,,,17,,,,
667,,,,,,17,,,,
668,,,,,,17,,,,
669,,,,,,17,,,,
670,,,,,,17,,,,
671,,,,,,17,,,,
672,,,,,,17,,,,
673,,,,,,17,,,,
674,,,,,,17,,,,
675,,,,,,17,,,,
676,,,,,,17,,,,
677,,,,,,17,,,,
678,,,,,,17,,,,
679,,,,,,17,,,,
680,,,,,,17,,,,
681,,,,,,17,,,,
682,,,,,,17,,,,
683,,,,,,17,,,,
684,,,,,,17,,,,
685,,,,,,17,,,,
686,,,,,,17,,,,
687,,,,,,17,,,,
688,,,,,,17,,,,
689,,,,,,17,,,,
690,,,,,,17,,,,
691,,,,,,17,,,,
692,,,,,,17,,,,
693,,,,,,17,,,,
694,,,,,,17,,,,
695,,,,,,17,,,,
696,,,,,,17,,,,
697,,,,,,17,,,,
698,,,,,,17,,,,
699,,,,,,17,,,,
700,,,,,,17,,,,
701,,,,,,17,,,,
702,,,,,,17,,,,
703,,,,,,17,,,,
704,,,,,,17,,,,
705,,,,,,17,,,,
706,,,,,,18,,,M,
707,,,,,,18,,,M,
708,,,,,,18,,,M,
709,,,,,,18,,,M,
710,,,,,,18,,,M,
711,,,,,,18,,,M,
712,,,,,,18,,,M,
713,,,,,,18,,,M,
714,,,,,,18,,,M,
715,,,,,,18,,,M,
716,,,,,,18,,,M,
717,,,,,,18,,,M,
718,,,,,,18,,,M,
719,,,,,,18,,,M,
720,,,,,,18,,,M,
721,,,,,,18,,,M,
722,,,,,,18,,,M,
723,,,,,,18,,,M,
724,,,,,,18,,,M,
725,,,,,,18,,,M,
726,,,,,,18,,,M,
727,,,,,,18,,,M,
728,,,,,,18,,,M,
729,,,,,,18,,,M,
730,,,,,,18,,,M,
731,,,,,,18,,,M,
732,,,,,,18,,,M,
733,,,,,,18,,,M,
734,,,,,,18,,,M,
735,,,,,,18,,,M,
736,,,,,,18,,,,
737,,,,,,18,,,,
738,,,,,,18,,,M,
739,,,,,,18,,,M,
740,,,,,,18,,,M,
741,,,,,,18,,,M,
742,,,,,,18,,,M,
743,,,,,,18,,,M,
744,,,,,,18,,,M,
745,,,,,,18,,,M,
746,,,,,,18,,,M,
747,,,,,,18,,,M,
748,,,,,,18,,,M,
749,,,,,,18,,,M,
750,,,,,,18,,,M,
751,,,,,,18,,,M,
752,,,,,,18,,,M,
753,,,,,,18,,,M,
754,,,,,,18,,,,
755,,,,,,18,,,,
756,,,,,,18,,,,
757,,,,,,18,,,,
758,,,,,,18,,,M,
759,,,,,,18,,,,
760,,,,,,18,,,M,
761,,,,,,19,,,M,
762,,,,,,19,,,M,
763,,,,,,19,,,M,
764,,,,,,19,,,M,
765,,,,,,19,,,M,
766,,,,,,19,,,M,
767,,,,,,19,,,M,
768,,,,,,19,,,M,
769,,,,,,19,,,M,
770,,,,,,19,,,M,
771,,,,,,19,,,M,
772,,,,,,19,,,M,
773,,,,,,19,,,M,
774,,,,,,19,,,M,
775,,,,,,19,,,M,
776,,,,,,19,,,M,
777,,,,,,19,,,M,
778,,,,,,19,,,M,
779,,,,,,19,,,M,
780,,,,,,19,,,M,
781,,,,,,19,,,M,
782,,,,,,19,,,M,
783,,,,,,19,,,M,
784,,,,,,19,,,M,
785,,,,,,19,,,M,
786,,,,,,19,,,M,
787,,,,,,19,,,M,
788,,,,,,19,,,M,
789,,,,,,19,,,M,
790,,,,,,19,,,M,
791,,,,,,19,,,M,
792,,,,,,19,,,M,
793,,,,,,19,,,M,
794,,,,,,19,,,M,
795,,,,,,19,,,M,
796,,,,,,19,,,M,
797,,,,,,19,,,M,
798,,,,,,19,,,M,
799,,,,,,19,,,M,
800,,,,,,19,,,M,
801,,,,,,19,,,M,
802,,,,,,19,,,M,
803,,,,,,19,,,M,
804,,,,,,19,,,M,
805,,,,,,19,,,M,
806,,,,,,19,,,M,
807,,,,,,19,,,M,
808,,,,,,19,,,M,
809,,,,,,19,,,,
810,,,,,,19,,,M,
811,,,,,,19,,,,
812,,,,,,19,,,,
813,,,,,,19,,,,
814,,,,,,19,,,M,
815,,,,,,19,,,M,
816,INDEPENDENCE,BROOKLYN,744,140,2/12/2020,20,,,M,
817,INDEPENDENCE,BROOKLYN,744,140,2/12/2020,20,,,M,
818,INDEPENDENCE,BROOKLYN,744,140,2/12/2020,20,,,M,
819,INDEPENDENCE,BROOKLYN,744,140,2/12/2020,20,,,M,
820,INDEPENDENCE,BROOKLYN,744,140,2/12/2020,20,,,M,
821,INDEPENDENCE,BROOKLYN,744,140,2/12/2020,20,,,M,
822,INDEPENDENCE,BROOKLYN,744,140,2/12/2020,20,,,M,
823,INDEPENDENCE,BROOKLYN,744,140,2/12/2020,20,,,M,
824,INDEPENDENCE,BROOKLYN,744,140,2/12/2020,20,,,M,
825,INDEPENDENCE,BROOKLYN,744,140,2/12/2020,20,,,M,
826,INDEPENDENCE,BROOKLYN,744,140,2/12/2020,20,,,M,
827,INDEPENDENCE,BROOKLYN,744,140,2/12/2020,20,,,M,
828,INDEPENDENCE,BROOKLYN,744,140,2/12/2020,20,,,M,
829,INDEPENDENCE,BROOKLYN,744,140,2/12/2020,20,,,M,
830,INDEPENDENCE,BROOKLYN,744,140,2/12/2020,20,,,M,
831,INDEPENDENCE,BROOKLYN,744,140,2/12/2020,20,,,M,
832,INDEPENDENCE,BROOKLYN,744,140,2/12/2020,20,,,M,
833,INDEPENDENCE,BROOKLYN,744,140,2/12/2020,20,,,M,
834,INDEPENDENCE,BROOKLYN,744,140,2/12/2020,20,,,M,
835,INDEPENDENCE,BROOKLYN,744,140,2/12/2020,20,,,M,
836,INDEPENDENCE,BROOKLYN,744,140,2/12/2020,20,,,M,
837,INDEPENDENCE,BROOKLYN,744,140,2/12/2020,20,,,,
838,INDEPENDENCE,BROOKLYN,744,140,2/12/2020,20,,,,
839,INDEPENDENCE,BROOKLYN,744,140,2/12/2020,20,,,,
840,INDEPENDENCE,BROOKLYN,744,140,2/12/2020,20,,,,
841,LENOX ROAD-ROCKAWAY PARKWAY,BROOKLYN,74,348,11/28/2023,20,3021720001,1,M,85 TAYLOR STREET
842,LENOX ROAD-ROCKAWAY PARKWAY,BROOKLYN,74,348,11/28/2023,20,3021720001,1,,83 TAYLOR STREET
843,LENOX ROAD-ROCKAWAY PARKWAY,BROOKLYN,74,348,11/28/2023,20,3021720001,2,,128 CLYMER STREET
844,LENOX ROAD-ROCKAWAY PARKWAY,BROOKLYN,74,348,11/28/2023,20,3021720001,2,M,130 CLYMER STREET
845,LENOX ROAD-ROCKAWAY PARKWAY,BROOKLYN,74,348,11/28/2023,20,3021720001,3,,140 CLYMER STREET
846,LENOX ROAD-ROCKAWAY PARKWAY,BROOKLYN,74,348,11/28/2023,20,3021720001,3,,123 TAYLOR STREET
847,LENOX ROAD-ROCKAWAY PARKWAY,BROOKLYN,74,348,11/28/2023,20,3021720001,3,M,125 TAYLOR STREET
848,LENOX ROAD-ROCKAWAY PARKWAY,BROOKLYN,74,348,11/28/2023,20,3021720001,3,,119 TAYLOR STREET
849,LENOX ROAD-ROCKAWAY PARKWAY,BROOKLYN,74,348,11/28/2023,20,3021760001,4,,119 WILSON STREET
850,LENOX ROAD-ROCKAWAY PARKWAY,BROOKLYN,74,348,11/28/2023,20,3021760001,4,,114 TAYLOR STREET
851,LENOX ROAD-ROCKAWAY PARKWAY,BROOKLYN,74,348,11/28/2023,20,3021760001,4,M,121 WILSON STREET
852,LENOX ROAD-ROCKAWAY PARKWAY,BROOKLYN,74,348,11/28/2023,20,3021760001,5,,97 WILSON STREET
853,LENOX ROAD-ROCKAWAY PARKWAY,BROOKLYN,74,348,11/28/2023,20,3021760001,5,,110 TAYLOR STREET
854,LENOX ROAD-ROCKAWAY PARKWAY,BROOKLYN,74,348,11/28/2023,20,3021760001,5,,95 WILSON STREET
855,LENOX ROAD-ROCKAWAY PARKWAY,BROOKLYN,74,348,11/28/2023,20,3021760001,5,M,99 WILSON STREET
856,LENOX ROAD-ROCKAWAY PARKWAY,BROOKLYN,74,348,11/28/2023,20,3021760001,6,M,75 WILSON STREET
857,LENOX ROAD-ROCKAWAY PARKWAY,BROOKLYN,74,348,11/28/2023,20,3021760001,6,,73 WILSON STREET
858,LENOX ROAD-ROCKAWAY PARKWAY,BROOKLYN,74,348,11/28/2023,20,3046710007,1,M,1142 LENOX ROAD
859,LENOX ROAD-ROCKAWAY PARKWAY,BROOKLYN,74,348,11/28/2023,20,3046720001,2,M,1144 LENOX ROAD
860,LENOX ROAD-ROCKAWAY PARKWAY,BROOKLYN,74,348,11/28/2023,20,3046520045,3,M,1145 LENOX ROAD
861,LINDEN,BROOKLYN,1,095,12/28/2021,21,3043710001,1,M,570 STANLEY AVENUE
862,LINDEN,BROOKLYN,1,095,12/28/2021,21,3043930001,10,M,190 WORTMAN AVENUE
863,LINDEN,BROOKLYN,1,095,12/28/2021,21,3043930001,11,M,240 WORTMAN AVENUE
864,LINDEN,BROOKLYN,1,095,12/28/2021,21,3043930001,12,M,250 WORTMAN AVENUE
865,LINDEN,BROOKLYN,1,095,12/28/2021,21,3043930001,13,M,245 COZINE AVENUE
866,LINDEN,BROOKLYN,1,095,12/28/2021,21,3043930001,14,,217 COZINE AVENUE
867,LINDEN,BROOKLYN,1,095,12/28/2021,21,3043930001,14,M,215 COZINE AVENUE
868,LINDEN,BROOKLYN,1,095,12/28/2021,21,3043930001,14,,213 COZINE AVENUE
869,LINDEN,BROOKLYN,1,095,12/28/2021,21,3043930001,15,M,195 COZINE AVENUE
870,LINDEN,BROOKLYN,1,095,12/28/2021,21,3043970001,16,M,270 WORTMAN AVENUE
871,LINDEN,BROOKLYN,1,095,12/28/2021,21,3043970001,17,M,300 WORTMAN AVENUE
872,LINDEN,BROOKLYN,1,095,12/28/2021,21,3043970001,18,M,295 COZINE AVENUE
873,LINDEN,BROOKLYN,1,095,12/28/2021,21,3043970001,19,M,285 COZINE AVENUE
874,LINDEN,BROOKLYN,1,095,12/28/2021,21,3043710001,2,M,580 STANLEY AVENUE
875,LINDEN,BROOKLYN,1,095,12/28/2021,21,3043750050,20,,696 STANLEY AVENUE
876,LINDEN,BROOKLYN,1,095,12/28/2021,21,3043750050,21,,670 STANLEY AVENUE
877,LINDEN,BROOKLYN,1,095,12/28/2021,21,3043710001,3,M,630 STANLEY AVENUE
878,LINDEN,BROOKLYN,1,095,12/28/2021,21,3043710001,4,M,640 STANLEY AVENUE
879,LINDEN,BROOKLYN,1,095,12/28/2021,21,3043710001,5,,243 WORTMAN AVENUE
880,LINDEN,BROOKLYN,1,095,12/28/2021,21,3043710001,5,M,245 WORTMAN AVENUE
881,LINDEN,BROOKLYN,1,095,12/28/2021,21,3043710001,5,,914 VAN SICLEN AVENUE
882,LINDEN,BROOKLYN,1,095,12/28/2021,21,3043710001,5,,912 VAN SICLEN AVENUE
883,LINDEN,BROOKLYN,1,095,12/28/2021,21,3043710001,5,,247 WORTMAN AVENUE
884,LINDEN,BROOKLYN,1,095,12/28/2021,21,3043710001,6,M,225 WORTMAN AVENUE
885,LINDEN,BROOKLYN,1,095,12/28/2021,21,3043710001,7,M,215 WORTMAN AVENUE
886,LINDEN,BROOKLYN,1,095,12/28/2021,21,3043710001,8,M,185 WORTMAN AVENUE
887,LINDEN,BROOKLYN,1,095,12/28/2021,21,3043710001,8,,183 WORTMAN AVENUE
888,LINDEN,BROOKLYN,1,095,12/28/2021,21,3043710001,8,,187 WORTMAN AVENUE
889,LINDEN,BROOKLYN,1,095,12/28/2021,21,3043930001,9,M,180 WORTMAN AVENUE
890,MANHATTANVILLE,MANHATTAN,1,081,12/12/2024,21,1019840001,1,,555 WEST 126TH STREET
891,MANHATTANVILLE,MANHATTAN,1,081,12/12/2024,21,1019840001,1,M,545 WEST 126TH STREET
892,MANHATTANVILLE,MANHATTAN,1,081,12/12/2024,21,1019840001,1,,549 WEST 126TH STREET
893,MANHATTANVILLE,MANHATTAN,1,081,12/12/2024,21,1019840001,2,,3240 BROADWAY
894,MANHATTANVILLE,MANHATTAN,1,081,12/12/2024,21,1019840001,2,M,3250 BROADWAY
895,MANHATTANVILLE,MANHATTAN,1,081,12/12/2024,21,1019840001,3,M,1420 AMSTERDAM AVENUE
896,MANHATTANVILLE,MANHATTAN,1,081,12/12/2024,21,1019840033,3,,1414 AMSTERDAM AVENUE
897,MANHATTANVILLE,MANHATTAN,1,081,12/12/2024,21,1019840001,4,M,1430 AMSTERDAM AVENUE
898,MANHATTANVILLE,MANHATTAN,1,081,12/12/2024,21,1019840001,5,M,1470 AMSTERDAM AVENUE
899,MANHATTANVILLE,MANHATTAN,1,081,12/12/2024,21,1019840001,6,,530 WEST 133RD STREET
900,MANHATTANVILLE,MANHATTAN,1,081,12/12/2024,21,1019840001,6,M,95 OLD BROADWAY
901,MANHATTANVILLE REHAB (GROUP 2),MANHATTAN,46,296,11/30/2020,21,1019880020,1,M,515 WEST 134TH STREET
902,MANHATTANVILLE REHAB (GROUP 2),MANHATTAN,46,296,11/30/2020,21,1019880022,2,M,511 WEST 134TH STREET
903,MANHATTANVILLE REHAB (GROUP 3),MANHATTAN,51,297,11/30/2020,22,1019870017,1,M,529 WEST 133RD STREET
904,MANHATTANVILLE REHAB (GROUP 3),MANHATTAN,51,297,11/30/2020,22,1019870017,2,M,514 WEST 134TH STREET
905,MARCY AVENUE-GREENE AVENUE SITE A,BROOKLYN,48,363,2/12/2020,22,3017980020,1,M,534 GREENE AVENUE
906,MARCY AVENUE-GREENE AVENUE SITE A,BROOKLYN,48,363,2/12/2020,22,3017980020,1,M,528 GREENE AVENUE
907,MARCY AVENUE-GREENE AVENUE SITE A,BROOKLYN,48,363,2/12/2020,22,3017980020,1,M,524 GREENE AVENUE
908,MARCY AVENUE-GREENE AVENUE SITE A,BROOKLYN,48,363,2/12/2020,22,3017980020,1,M,518 GREENE AVENUE
909,MARCY AVENUE-GREENE AVENUE SITE A,BROOKLYN,48,363,2/12/2020,22,3017980020,2,M,323 LEXINGTON AVENUE
910,MARCY AVENUE-GREENE AVENUE SITE A,BROOKLYN,48,363,2/12/2020,22,3017980020,2,,327 LEXINGTON AVENUE
911,MARCY AVENUE-GREENE AVENUE SITE A,BROOKLYN,48,363,2/12/2020,22,3017980020,2,,325 LEXINGTON AVENUE
912,MARCY AVENUE-GREENE AVENUE SITE A,BROOKLYN,48,363,2/12/2020,22,3017980020,2,M,329 LEXINGTON AVENUE
913,MARCY AVENUE-GREENE AVENUE SITE A,BROOKLYN,48,363,2/12/2020,22,3017980020,2,M,331 LEXINGTON AVENUE
914,MARCY AVENUE-GREENE AVENUE SITE B,BROOKLYN,30,358,2/12/2020,22,3017980005,,,303 NOSTRAND AVENUE
915,MARCY AVENUE-GREENE AVENUE SITE B,BROOKLYN,30,358,2/12/2020,22,3017980077,,,305 LEXINGTON AVENUE
916,MARCY AVENUE-GREENE AVENUE SITE B,BROOKLYN,30,358,2/12/2020,22,3017980004,,,305 NOSTRAND AVENUE
917,MARCY AVENUE-GREENE AVENUE SITE B,BROOKLYN,30,358,2/12/2020,22,3017980003,,,307 NOSTRAND AVENUE
918,MARCY AVENUE-GREENE AVENUE SITE B,BROOKLYN,30,358,2/12/2020,22,3017980002,,,309 NOSTRAND AVENUE
919,MARCY AVENUE-GREENE AVENUE SITE B,BROOKLYN,30,358,2/12/2020,22,3017980007,,,492 GREENE AVENUE
920,MARCY AVENUE-GREENE AVENUE SITE B,BROOKLYN,30,358,2/12/2020,22,3017980008,,,494 GREENE AVENUE
921,MARCY AVENUE-GREENE AVENUE SITE B,BROOKLYN,30,358,2/12/2020,22,3017980009,,,496 GREENE AVENUE
922,MARCY AVENUE-GREENE AVENUE SITE B,BROOKLYN,30,358,2/12/2020,22,3017980077,3,M,311 LEXINGTON AVENUE
923,MARCY AVENUE-GREENE AVENUE SITE B,BROOKLYN,30,358,2/12/2020,22,3017980077,3,M,313 LEXINGTON AVENUE
924,MARCY AVENUE-GREENE AVENUE SITE B,BROOKLYN,30,358,2/12/2020,22,3017980077,3,M,315 LEXINGTON AVENUE
925,MARCY AVENUE-GREENE AVENUE SITE B,BROOKLYN,30,358,2/12/2020,22,3017980077,3,M,317 LEXINGTON AVENUE
926,MARCY AVENUE-GREENE AVENUE SITE B,BROOKLYN,30,358,2/12/2020,22,3017980077,3,M,319 LEXINGTON AVENUE
927,MARSHALL PLAZA,MANHATTAN,180,344,1/10/2023,22,1021160033,1,M,1970 AMSTERDAM AVENUE
928,MARSHALL PLAZA,MANHATTAN,180,344,1/10/2023,22,1021160033,1,,1968 AMSTERDAM AVENUE
929,MIDDLETOWN PLAZA,BRONX,179,191,9/26/2024,22,2041710024,1,M,3033 MIDDLETOWN ROAD
930,MIDDLETOWN PLAZA,BRONX,179,191,9/26/2024,22,2041710024,1,,3035 MIDDLETOWN ROAD
931,MIDDLETOWN PLAZA,BRONX,179,191,9/26/2024,22,2041710024,1,,3031 MIDDLETOWN ROAD
932,MURPHY,BRONX,281,133,12/27/2018,23,2029440001,1,,1807 CROTONA AVENUE
933,MURPHY,BRONX,281,133,12/27/2018,23,2029440001,1,M,1805 CROTONA AVENUE
934,MURPHY,BRONX,281,133,12/27/2018,23,2029440001,2,,1811 CROTONA AVENUE
935,MURPHY,BRONX,281,133,12/27/2018,23,2029440001,2,,601 CROTONA PARK NORTH
936,MURPHY,BRONX,281,133,12/27/2018,23,2029440001,2,M,611 CROTONA PARK NORTH
937,MURPHY,BRONX,281,133,12/27/2018,23,2029440001,2,,615 CROTONA PARK NORTH
938,OCEAN BAY APARTMENTS (BAYSIDE),QUEENS,1,098,12/31/2016,23,4160020001,1,M,54-81 ALMEDA AVENUE
939,OCEAN BAY APARTMENTS (BAYSIDE),QUEENS,1,098,12/31/2016,23,4160010002,10,M,51-11 ALMEDA AVENUE
940,OCEAN BAY APARTMENTS (BAYSIDE),QUEENS,1,098,12/31/2016,23,4160010002,11,M,409 BEACH 51ST STREET
941,OCEAN BAY APARTMENTS (BAYSIDE),QUEENS,1,098,12/31/2016,23,4160010002,12,M,51-24 BEACH CHANNEL DRIVE
942,OCEAN BAY APARTMENTS (BAYSIDE),QUEENS,1,098,12/31/2016,23,4160010002,13,M,51-32 BEACH CHANNEL DRIVE
943,OCEAN BAY APARTMENTS (BAYSIDE),QUEENS,1,098,12/31/2016,23,4160010002,14,M,410 BEACH 54TH STREET
944,OCEAN BAY APARTMENTS (BAYSIDE),QUEENS,1,098,12/31/2016,23,4160020001,15,M,411 BEACH 54TH STREET
945,OCEAN BAY APARTMENTS (BAYSIDE),QUEENS,1,098,12/31/2016,23,4160020001,16,M,54-22 BEACH CHANNEL DRIVE
946,OCEAN BAY APARTMENTS (BAYSIDE),QUEENS,1,098,12/31/2016,23,4160020001,17,M,54-30 BEACH CHANNEL DRIVE
947,OCEAN BAY APARTMENTS (BAYSIDE),QUEENS,1,098,12/31/2016,23,4160020001,18,M,56-10 BEACH CHANNEL DRIVE
948,OCEAN BAY APARTMENTS (BAYSIDE),QUEENS,1,098,12/31/2016,23,4160020001,19,M,56-16 BEACH CHANNEL DRIVE
949,OCEAN BAY APARTMENTS (BAYSIDE),QUEENS,1,098,12/31/2016,23,4160020001,2,M,54-75 ALMEDA AVENUE
950,OCEAN BAY APARTMENTS (BAYSIDE),QUEENS,1,098,12/31/2016,23,4160020001,20,M,414 BEACH 58TH STREET
951,OCEAN BAY APARTMENTS (BAYSIDE),QUEENS,1,098,12/31/2016,23,4160020001,20,,57-10 BEACH CHANNEL DRIVE
952,OCEAN BAY APARTMENTS (BAYSIDE),QUEENS,1,098,12/31/2016,23,4160010002,21,M,441 BEACH 51ST STREET
953,OCEAN BAY APARTMENTS (BAYSIDE),QUEENS,1,098,12/31/2016,23,4160010002,21,M,445 BEACH 51ST STREET
954,OCEAN BAY APARTMENTS (BAYSIDE),QUEENS,1,098,12/31/2016,23,4160010002,22,,430 BEACH 54TH STREET
955,OCEAN BAY APARTMENTS (BAYSIDE),QUEENS,1,098,12/31/2016,23,4160010002,22,,434 BEACH 54TH STREET
956,OCEAN BAY APARTMENTS (BAYSIDE),QUEENS,1,098,12/31/2016,23,4160010002,22,M,440 BEACH 54TH STREET
957,OCEAN BAY APARTMENTS (BAYSIDE),QUEENS,1,098,12/31/2016,23,4160010002,22,M,444 BEACH 54TH STREET
958,OCEAN BAY APARTMENTS (BAYSIDE),QUEENS,1,098,12/31/2016,23,4160020001,23,M,439 BEACH 54TH STREET
959,OCEAN BAY APARTMENTS (BAYSIDE),QUEENS,1,098,12/31/2016,23,4160020001,23,,447 BEACH 54TH STREET
960,OCEAN BAY APARTMENTS (BAYSIDE),QUEENS,1,098,12/31/2016,23,4160020001,23,M,443 BEACH 54TH STREET
961,OCEAN BAY APARTMENTS (BAYSIDE),QUEENS,1,098,12/31/2016,23,4160020001,24,M,434 BEACH 58TH STREET
962,OCEAN BAY APARTMENTS (BAYSIDE),QUEENS,1,098,12/31/2016,23,4160020001,24,M,440 BEACH 58TH STREET
963,OCEAN BAY APARTMENTS (BAYSIDE),QUEENS,1,098,12/31/2016,23,4160020001,3,M,54-49 ALMEDA AVENUE
964,OCEAN BAY APARTMENTS (BAYSIDE),QUEENS,1,098,12/31/2016,23,4160020001,4,M,54-41 ALMEDA AVENUE
965,OCEAN BAY APARTMENTS (BAYSIDE),QUEENS,1,098,12/31/2016,23,4160020001,5,M,54-15 ALMEDA AVENUE
966,OCEAN BAY APARTMENTS (BAYSIDE),QUEENS,1,098,12/31/2016,23,4160020001,6,M,54-09 ALMEDA AVENUE
967,OCEAN BAY APARTMENTS (BAYSIDE),QUEENS,1,098,12/31/2016,23,4160010002,7,M,51-49 ALMEDA AVENUE
968,OCEAN BAY APARTMENTS (BAYSIDE),QUEENS,1,098,12/31/2016,23,4160010002,8,M,51-45 ALMEDA AVENUE
969,OCEAN BAY APARTMENTS (BAYSIDE),QUEENS,1,098,12/31/2016,23,4160010002,9,M,51-15 ALMEDA AVENUE
970,OCEAN HILL-BROWNSVILLE,BROOKLYN,125,313,11/28/2023,23,3014310037,1,M,2041 PACIFIC STREET
971,OCEAN HILL-BROWNSVILLE,BROOKLYN,125,313,11/28/2023,23,3014310043,2,,336 HOWARD AVENUE
972,OCEAN HILL-BROWNSVILLE,BROOKLYN,125,313,11/28/2023,23,3014310043,2,M,334 HOWARD AVENUE
973,OCEAN HILL-BROWNSVILLE,BROOKLYN,125,313,11/28/2023,23,3014310039,3,M,324 HOWARD AVENUE
974,PALMETTO GARDENS,BROOKLYN,115,195,7/18/2019,24,,,M,
975,"PARK AVENUE-EAST 122ND, 123RD STREETS",MANHATTAN,90,204,11/30/2020,24,3033400020,1,M,85 PALMETTO STREET
976,PARK ROCK REHAB,BROOKLYN,134,351,11/28/2023,24,1017710059,1,M,120 EAST 123RD STREET
977,PARK ROCK REHAB,BROOKLYN,134,351,11/28/2023,24,1017710010,2,M,115 EAST 122ND STREET
978,PARK ROCK REHAB,BROOKLYN,134,351,11/28/2023,24,1017710065,3,,114 EAST 123RD STREET
979,PARK ROCK REHAB,BROOKLYN,134,351,11/28/2023,24,1017710065,3,,116 EAST 123RD STREET
980,PENNSYLVANIA AVENUE-WORTMAN AVENUE,BROOKLYN,336,194,12/28/2021,24,3013730034,1,M,1468 PARK PLACE
981,PENNSYLVANIA AVENUE-WORTMAN AVENUE,BROOKLYN,336,194,12/28/2021,24,3013730037,2,M,1474 PARK PLACE
982,PENNSYLVANIA AVENUE-WORTMAN AVENUE,BROOKLYN,336,194,12/28/2021,24,3013730040,3,M,1480 PARK PLACE
983,PENNSYLVANIA AVENUE-WORTMAN AVENUE,BROOKLYN,336,194,12/28/2021,24,3013730040,3,,1484 PARK PLACE
984,PENNSYLVANIA AVENUE-WORTMAN AVENUE,BROOKLYN,336,194,12/28/2021,24,3013730043,4,M,208 ROCHESTER AVENUE
985,PENNSYLVANIA AVENUE-WORTMAN AVENUE,BROOKLYN,336,194,12/28/2021,24,3013730046,5,M,218 ROCHESTER AVENUE
986,PENNSYLVANIA AVENUE-WORTMAN AVENUE,BROOKLYN,336,194,12/28/2021,24,3013730049,6,M,1521 STERLING PLACE
987,PENNSYLVANIA AVENUE-WORTMAN AVENUE,BROOKLYN,336,194,12/28/2021,24,3013790039,7,M,1522 STERLING PLACE
988,PENNSYLVANIA AVENUE-WORTMAN AVENUE,BROOKLYN,336,194,12/28/2021,24,3013790039,7,,230 ROCHESTER AVENUE
989,PENNSYLVANIA AVENUE-WORTMAN AVENUE,BROOKLYN,336,194,12/28/2021,24,3013790041,8,M,232 ROCHESTER AVENUE
990,PENNSYLVANIA AVENUE-WORTMAN AVENUE,BROOKLYN,336,194,12/28/2021,24,3013790043,9,M,234 ROCHESTER AVENUE
991,PUBLIC SCHOOL 139 (CONVERSION),MANHATTAN,125,340,11/30/2020,24,3043690001,1,M,875 PENNSYLVANIA AVENUE
992,PUBLIC SCHOOL 139 (CONVERSION),MANHATTAN,125,340,11/30/2020,24,3043690001,1,,881 PENNSYLVANIA AVENUE
993,PUBLIC SCHOOL 139 (CONVERSION),MANHATTAN,125,340,11/30/2020,24,3043690001,1,,879 PENNSYLVANIA AVENUE
994,PUBLIC SCHOOL 139 (CONVERSION),MANHATTAN,125,340,11/30/2020,24,3043690001,1,,877 PENNSYLVANIA AVENUE
995,PUBLIC SCHOOL 139 (CONVERSION),MANHATTAN,125,340,11/30/2020,24,3043690001,1,,895 PENNSYLVANIA AVENUE
996,PUBLIC SCHOOL 139 (CONVERSION),MANHATTAN,125,340,11/30/2020,24,3043690001,2,M,155 WORTMAN AVENUE
997,PUBLIC SCHOOL 139 (CONVERSION),MANHATTAN,125,340,11/30/2020,24,3043690001,3,M,920 VERMONT STREET
998,PUBLIC SCHOOL 139 (CONVERSION),MANHATTAN,125,340,11/30/2020,24,3043690001,4,,520 STANLEY AVENUE
999,PUBLIC SCHOOL 139 (CONVERSION),MANHATTAN,125,340,11/30/2020,24,3043690001,4,,530 STANLEY AVENUE
1000,PUBLIC SCHOOL 139 (CONVERSION),MANHATTAN,125,340,11/30/2020,24,1020080013,1,M,120 WEST 140TH STREET
1001,PUBLIC SCHOOL 139 (CONVERSION),MANHATTAN,125,340,11/30/2020,24,1020080013,1,M,120 WEST 140TH STREET
1002,RALPH AVENUE REHAB,BROOKLYN,118,352,11/28/2023,25,3035080034,,,1180 EAST NEW YORK AVENUE
1003,RALPH AVENUE REHAB,BROOKLYN,118,352,11/28/2023,25,3035080036,,,1186 EAST NEW YORK AVENUE
1004,RALPH AVENUE REHAB,BROOKLYN,118,352,11/28/2023,25,3035080041,,,662 RALPH AVENUE
1005,RALPH AVENUE REHAB,BROOKLYN,118,352,11/28/2023,25,3035080038,1,M,1196 EAST NEW YORK AVENUE
1006,RALPH AVENUE REHAB,BROOKLYN,118,352,11/28/2023,25,3035080042,2,M,672 RALPH AVENUE
1007,RALPH AVENUE REHAB,BROOKLYN,118,352,11/28/2023,25,3035080046,3,M,682 RALPH AVENUE
1008,RALPH AVENUE REHAB,BROOKLYN,118,352,11/28/2023,25,3035080050,4,M,692 RALPH AVENUE
1009,RALPH AVENUE REHAB,BROOKLYN,118,352,11/28/2023,25,3035080054,5,M,698 RALPH AVENUE
1010,REID APARTMENTS,BROOKLYN,230,167,11/28/2023,25,3047950016,1,M,728 EAST NEW YORK AVENUE
1011,REID APARTMENTS,BROOKLYN,230,167,11/28/2023,25,3047950016,1,,726 EAST NEW YORK AVENUE
1012,REID APARTMENTS,BROOKLYN,230,167,11/28/2023,25,3047950016,1,,681 MAPLE STREET
1013,REID APARTMENTS,BROOKLYN,230,167,11/28/2023,25,3047950016,1,,720 EAST NEW YORK AVENUE
1014,REID APARTMENTS,BROOKLYN,230,167,11/28/2023,25,3047950016,1,,730 EAST NEW YORK AVENUE
1015,REID APARTMENTS,BROOKLYN,230,167,11/28/2023,25,3047950016,1,,722 EAST NEW YORK AVENUE
1016,RUTLAND TOWERS,BROOKLYN,61,282,11/28/2023,25,3045940064,1,M,955 RUTLAND ROAD
1017,SACK WERN,BRONX,413,280,6/26/2024,25,2035930001,1,M,1710 LAFAYETTE AVENUE
1018,SACK WERN,BRONX,413,280,6/26/2024,25,2035930001,2,M,750 CROES AVENUE
1019,SACK WERN,BRONX,413,280,6/26/2024,25,2035930001,3,M,710 CROES AVENUE
1020,SACK WERN,BRONX,413,280,6/26/2024,25,2035930001,4,M,715 NOBLE AVENUE
1021,SACK WERN,BRONX,413,280,6/26/2024,25,2035940001,5,,712 NOBLE AVENUE
1022,SACK WERN,BRONX,413,280,6/26/2024,25,2035940001,5,M,710 NOBLE AVENUE
1023,SACK WERN,BRONX,413,280,6/26/2024,25,2035980017,6,M,740 BEACH AVENUE
1024,SACK WERN,BRONX,413,280,6/26/2024,25,2035980017,7,M,1810 LAFAYETTE AVENUE
1025,SACK WERN,BRONX,413,280,6/26/2024,25,2035930001,8,,717GAR NOBLE AVENUE
1026,SAMUEL (CITY),MANHATTAN,664,377,9/26/2024,25,1020120023,,,111 WEST 143RD STREET
1027,SAMUEL (CITY),MANHATTAN,664,377,9/26/2024,25,1020120023,,,113 WEST 143RD STREET
1028,SAMUEL (CITY),MANHATTAN,664,377,9/26/2024,25,1020070044,,,114 WEST 139TH STREET
1029,SAMUEL (CITY),MANHATTAN,664,377,9/26/2024,25,1020110008,,,155 WEST 142ND STREET
1030,SAMUEL (CITY),MANHATTAN,664,377,9/26/2024,25,1020120009,,,155 WEST 143RD STREET
1031,SAMUEL (CITY),MANHATTAN,664,377,9/26/2024,25,1020110007,,,157 WEST 142ND STREET
1032,SAMUEL (CITY),MANHATTAN,664,377,9/26/2024,25,1020120009,,,157 WEST 143RD STREET
1033,SAMUEL (CITY),MANHATTAN,664,377,9/26/2024,25,1020130026,1,M,109 WEST 144TH STREET
1034,SAMUEL (MHOP) I,MANHATTAN,53,389,11/30/2020,26,,,,
1035,SAMUEL (MHOP) I,MANHATTAN,53,389,11/30/2020,26,,,M,
1036,SAMUEL (MHOP) I,MANHATTAN,53,389,11/30/2020,26,,,M,
1037,SAMUEL (MHOP) I,MANHATTAN,53,389,11/30/2020,26,,,M,
1038,SAMUEL (MHOP) I,MANHATTAN,53,389,11/30/2020,26,,,,
1039,SAMUEL (MHOP) I,MANHATTAN,53,389,11/30/2020,26,,,M,
1040,SAMUEL (MHOP) I,MANHATTAN,53,389,11/30/2020,26,,,M,
1041,SAMUEL (MHOP) I,MANHATTAN,53,389,11/30/2020,26,,,M,
1042,SAMUEL (MHOP) I,MANHATTAN,53,389,11/30/2020,26,,,M,
1043,SAMUEL (MHOP) I,MANHATTAN,53,389,11/30/2020,26,,,,
1044,SAMUEL (MHOP) I,MANHATTAN,53,389,11/30/2020,26,,,M,
1045,SAMUEL (MHOP) I,MANHATTAN,53,389,11/30/2020,26,,,M,
1046,SAMUEL (MHOP) I,MANHATTAN,53,389,11/30/2020,26,,,M,
1047,SAMUEL (MHOP) I,MANHATTAN,53,389,11/30/2020,26,,,M,
1048,SAMUEL (MHOP) I,MANHATTAN,53,389,11/30/2020,26,,,M,
1049,SAMUEL (MHOP) I,MANHATTAN,53,389,11/30/2020,26,,,M,
1050,SAMUEL (MHOP) I,MANHATTAN,53,389,11/30/2020,26,,,M,
1051,SAMUEL (MHOP) I,MANHATTAN,53,389,11/30/2020,26,,,M,
1052,SAMUEL (MHOP) I,MANHATTAN,53,389,11/30/2020,26,,,M,
1053,SAMUEL (MHOP) I,MANHATTAN,53,389,11/30/2020,26,,,M,
1054,SAMUEL (MHOP) I,MANHATTAN,53,389,11/30/2020,26,,,M,
1055,SAMUEL (MHOP) I,MANHATTAN,53,389,11/30/2020,26,,,M,
1056,SAMUEL (MHOP) I,MANHATTAN,53,389,11/30/2020,26,,,M,
1057,SAMUEL (MHOP) I,MANHATTAN,53,389,11/30/2020,26,,,M,
1058,SAMUEL (MHOP) I,MANHATTAN,53,389,11/30/2020,26,,,M,
1059,SAMUEL (MHOP) I,MANHATTAN,53,389,11/30/2020,26,,,M,
1060,SAMUEL (MHOP) I,MANHATTAN,53,389,11/30/2020,26,,,M,
1061,SAMUEL (MHOP) I,MANHATTAN,53,389,11/30/2020,26,,,M,
1062,SAMUEL (MHOP) I,MANHATTAN,53,389,11/30/2020,26,,,M,
1063,SAMUEL (MHOP) I,MANHATTAN,53,389,11/30/2020,26,,,M,
1064,SAMUEL (MHOP) I,MANHATTAN,53,389,11/30/2020,26,,,M,
1065,SAMUEL (MHOP) I,MANHATTAN,53,389,11/30/2020,26,,,M,
1066,SAMUEL (MHOP) I,MANHATTAN,53,389,11/30/2020,26,,,M,
1067,SAMUEL (MHOP) I,MANHATTAN,53,389,11/30/2020,26,,,M,
1068,SAMUEL (MHOP) I,MANHATTAN,53,389,11/30/2020,26,,,M,
1069,SAMUEL (MHOP) I,MANHATTAN,53,389,11/30/2020,26,,,M,
1070,SAMUEL (MHOP) I,MANHATTAN,53,389,11/30/2020,26,,,,
1071,SAMUEL (MHOP) I,MANHATTAN,53,389,11/30/2020,26,,,,
1072,SAMUEL (MHOP) I,MANHATTAN,53,389,11/30/2020,26,,,,
1073,SAMUEL (MHOP) I,MANHATTAN,53,389,11/30/2020,26,,,M,
1074,SAMUEL (MHOP) I,MANHATTAN,53,389,11/30/2020,26,,,M,
1075,SAMUEL (MHOP) I,MANHATTAN,53,389,11/30/2020,26,,,M,
1076,SAMUEL (MHOP) I,MANHATTAN,53,389,11/30/2020,26,,,M,
1077,SAMUEL (MHOP) I,MANHATTAN,53,389,11/30/2020,26,,,M,
1078,SAMUEL (MHOP) I,MANHATTAN,53,389,11/30/2020,26,1020090004,39,M,2405 A C POWELL BOULEVARD
1079,SAMUEL (MHOP) I,MANHATTAN,53,389,11/30/2020,26,1020090003,40,M,2403 A C POWELL BOULEVARD
1080,SAMUEL (MHOP) I,MANHATTAN,53,389,11/30/2020,26,1020090001,41,M,173 WEST 140TH STREET
1081,SAMUEL (MHOP) I,MANHATTAN,53,389,11/30/2020,26,1020090001,41,,2401 A C POWELL BOULEVARD
1082,SAMUEL (MHOP) I,MANHATTAN,53,389,11/30/2020,26,1020070057,42,M,138 WEST 139TH STREET
1083,SAMUEL (MHOP) I,MANHATTAN,53,389,11/30/2020,26,1020070056,43,M,136 WEST 139TH STREET
1084,SAMUEL (MHOP) II,MANHATTAN,10,398,11/30/2020,27,1020070042,46,M,110 WEST 139TH STREET
1085,SAMUEL (MHOP) III,MANHATTAN,10,399,11/30/2020,27,1020110009,47,,153 WEST 142ND STREET
1086,SAMUEL (MHOP) III,MANHATTAN,10,399,11/30/2020,27,1020110009,47,M,151 WEST 142ND STREET
1087,SOUTH BRONX AREA (SITE 402),BRONX,114,305,11/28/2023,27,2026260001,1,M,845 CAULDWELL AVENUE
1088,SOUTH BRONX AREA (SITE 402),BRONX,114,305,11/28/2023,27,2026260001,1,M,851 CAULDWELL AVENUE
1089,SOUTH BRONX AREA (SITE 402),BRONX,114,305,11/28/2023,27,2026260001,1,M,855 CAULDWELL AVENUE
1090,SOUTH BRONX AREA (SITE 402),BRONX,114,305,11/28/2023,27,2026260001,1,M,861 CAULDWELL AVENUE
1091,SOUTH BRONX AREA (SITE 402),BRONX,114,305,11/28/2023,27,2026260001,1,M,865 CAULDWELL AVENUE
1092,SOUTH BRONX AREA (SITE 402),BRONX,114,305,11/28/2023,27,2026260001,2,M,821 CAULDWELL AVENUE
1093,SOUTH BRONX AREA (SITE 402),BRONX,114,305,11/28/2023,27,2026260001,2,M,825 CAULDWELL AVENUE
1094,SOUTH BRONX AREA (SITE 402),BRONX,114,305,11/28/2023,27,2026260001,2,M,829 CAULDWELL AVENUE
1095,SOUTH BRONX AREA (SITE 402),BRONX,114,305,11/28/2023,27,2026260001,3,M,611 EAST 158TH STREET
1096,SOUTH BRONX AREA (SITE 402),BRONX,114,305,11/28/2023,27,2026260001,3,M,615 EAST 158TH STREET
1097,SOUTH BRONX AREA (SITE 402),BRONX,114,305,11/28/2023,27,2026260001,3,M,625 EAST 158TH STREET
1098,SOUTH BRONX AREA (SITE 402),BRONX,114,305,11/28/2023,27,2026260001,3,M,635 EAST 158TH STREET
1099,SOUTH BRONX AREA (SITE 402),BRONX,114,305,11/28/2023,27,2026260001,3,M,645 EAST 158TH STREET
1100,SOUTH BRONX AREA (SITE 402),BRONX,114,305,11/28/2023,27,2026260001,4,M,854 EAGLE AVENUE
1101,SOUTH BRONX AREA (SITE 402),BRONX,114,305,11/28/2023,27,2026260001,4,M,850 EAGLE AVENUE
1102,SOUTH BRONX AREA (SITE 402),BRONX,114,305,11/28/2023,27,2026260001,4,M,844 EAGLE AVENUE
1103,SOUTH BRONX AREA (SITE 402),BRONX,114,305,11/28/2023,27,2026260001,4,M,840 EAGLE AVENUE
1104,SOUTH BRONX AREA (SITE 402),BRONX,114,305,11/28/2023,27,2026260001,4,M,834 EAGLE AVENUE
1105,SOUTH BRONX AREA (SITE 402),BRONX,114,305,11/28/2023,27,2026260001,4,M,830 EAGLE AVENUE
1106,STEBBINS AVENUE-HEWITT PLACE,BRONX,120,353,11/28/2023,27,2026960005,1,M,839 REV JAMES A POLITE AVENUE
1107,STEBBINS AVENUE-HEWITT PLACE,BRONX,120,353,11/28/2023,27,2026960005,1,M,845 REV JAMES A POLITE AVENUE
1108,STEBBINS AVENUE-HEWITT PLACE,BRONX,120,353,11/28/2023,27,2026960005,1,M,851 REV JAMES A POLITE AVENUE
1109,STEBBINS AVENUE-HEWITT PLACE,BRONX,120,353,11/28/2023,27,2026960005,1,M,857 REV JAMES A POLITE AVENUE
1110,STEBBINS AVENUE-HEWITT PLACE,BRONX,120,353,11/28/2023,27,2026960005,1,M,863 REV JAMES A POLITE AVENUE
1111,STEBBINS AVENUE-HEWITT PLACE,BRONX,120,353,11/28/2023,27,2026960005,1,M,869 REV JAMES A POLITE AVENUE
1112,STEBBINS AVENUE-HEWITT PLACE,BRONX,120,353,11/28/2023,27,2026960005,1,M,875 REV JAMES A POLITE AVENUE
1113,STEBBINS AVENUE-HEWITT PLACE,BRONX,120,353,11/28/2023,27,2026960005,1,M,881 REV JAMES A POLITE AVENUE
1114,STEBBINS AVENUE-HEWITT PLACE,BRONX,120,353,11/28/2023,27,2026960005,2,M,820 HEWITT PLACE
1115,STEBBINS AVENUE-HEWITT PLACE,BRONX,120,353,11/28/2023,27,2026960005,2,M,826 HEWITT PLACE
1116,STEBBINS AVENUE-HEWITT PLACE,BRONX,120,353,11/28/2023,27,2026960005,2,M,832 HEWITT PLACE
1117,STEBBINS AVENUE-HEWITT PLACE,BRONX,120,353,11/28/2023,27,2026960005,2,M,840 HEWITT PLACE
1118,STEBBINS AVENUE-HEWITT PLACE,BRONX,120,353,11/28/2023,27,2026960005,2,M,846 HEWITT PLACE
1119,STEBBINS AVENUE-HEWITT PLACE,BRONX,120,353,11/28/2023,27,2026960005,2,M,852 HEWITT PLACE
1120,STERLING PLACE REHABS (SAINT JOHNS-STERLING),BROOKLYN,83,366,11/28/2023,28,3013790059,,,1487 SAINT JOHNS PLACE
1121,STERLING PLACE REHABS (SAINT JOHNS-STERLING),BROOKLYN,83,366,11/28/2023,28,3013790063,1,M,1483 SAINT JOHNS PLACE
1122,STERLING PLACE REHABS (SAINT JOHNS-STERLING),BROOKLYN,83,366,11/28/2023,28,3013790055,2,M,1491 SAINT JOHNS PLACE
1123,STERLING PLACE REHABS (SAINT JOHNS-STERLING),BROOKLYN,83,366,11/28/2023,28,3013790031,3,M,1506 STERLING PLACE
1124,STERLING PLACE REHABS (SAINT JOHNS-STERLING),BROOKLYN,83,366,11/28/2023,28,3013730054,4,M,1511 STERLING PLACE
1125,STERLING PLACE REHABS (SAINT JOHNS-STERLING),BROOKLYN,83,366,11/28/2023,28,3013810018,5,M,1640 STERLING PLACE
1126,STERLING PLACE REHABS (STERLING-BUFFALO),BROOKLYN,125,368,11/28/2023,28,3013790008,1,M,1448 STERLING PLACE
1127,STERLING PLACE REHABS (STERLING-BUFFALO),BROOKLYN,125,368,11/28/2023,28,3013790011,2,M,1452 STERLING PLACE
1128,STERLING PLACE REHABS (STERLING-BUFFALO),BROOKLYN,125,368,11/28/2023,28,3013800025,3,M,1568 STERLING PLACE
1129,STERLING PLACE REHABS (STERLING-BUFFALO),BROOKLYN,125,368,11/28/2023,28,3013800028,4,M,1578 STERLING PLACE
1130,STERLING PLACE REHABS (STERLING-BUFFALO),BROOKLYN,125,368,11/28/2023,28,3013800031,5,M,1588 STERLING PLACE
1131,STERLING PLACE REHABS (STERLING-BUFFALO),BROOKLYN,125,368,11/28/2023,28,3013800034,6,M,1598 STERLING PLACE
1132,STERLING PLACE REHABS (STERLING-BUFFALO),BROOKLYN,125,368,11/28/2023,28,3013750002,7,M,225 BUFFALO AVENUE
1133,SUTTER AVENUE-UNION STREET,BROOKLYN,100,369,11/28/2023,28,3035100016,,,2041 UNION STREET
1134,SUTTER AVENUE-UNION STREET,BROOKLYN,100,369,11/28/2023,28,3035100007,,,2063 UNION STREET
1135,SUTTER AVENUE-UNION STREET,BROOKLYN,100,369,11/28/2023,28,3035100006,,,2067 UNION STREET
1136,SUTTER AVENUE-UNION STREET,BROOKLYN,100,369,11/28/2023,28,3035100001,1,M,2069 UNION STREET
1137,SUTTER AVENUE-UNION STREET,BROOKLYN,100,369,11/28/2023,28,3035100001,1,,2079 UNION STREET
1138,SUTTER AVENUE-UNION STREET,BROOKLYN,100,369,11/28/2023,28,3035100011,2,M,2045 UNION STREET
1139,SUTTER AVENUE-UNION STREET,BROOKLYN,100,369,11/28/2023,28,3035100011,2,,2055 UNION STREET
1140,SUTTER AVENUE-UNION STREET,BROOKLYN,100,369,11/28/2023,28,3035090059,3,,2068 UNION STREET
1141,SUTTER AVENUE-UNION STREET,BROOKLYN,100,369,11/28/2023,28,3035090059,3,M,2058 UNION STREET
1142,TAPSCOTT STREET REHAB,BROOKLYN,155,354,11/28/2023,28,3035490041,,,182 TAPSCOTT STREET
1143,TAPSCOTT STREET REHAB,BROOKLYN,155,354,11/28/2023,28,3035490043,,,188 TAPSCOTT STREET
1144,TAPSCOTT STREET REHAB,BROOKLYN,155,354,11/28/2023,28,3035490044,,,190 TAPSCOTT STREET
1145,TAPSCOTT STREET REHAB,BROOKLYN,155,354,11/28/2023,28,3035490041,,,194 TAPSCOTT STREET
1146,TAPSCOTT STREET REHAB,BROOKLYN,155,354,11/28/2023,28,3035340001,1,M,725 HOWARD AVENUE
1147,TAPSCOTT STREET REHAB,BROOKLYN,155,354,11/28/2023,28,3035500034,2,,738 HOWARD AVENUE
1148,TAPSCOTT STREET REHAB,BROOKLYN,155,354,11/28/2023,28,3035500034,2,M,728 HOWARD AVENUE
1149,TAPSCOTT STREET REHAB,BROOKLYN,155,354,11/28/2023,28,3035490036,3,M,170 TAPSCOTT STREET
1150,TAPSCOTT STREET REHAB,BROOKLYN,155,354,11/28/2023,28,3035500016,4,M,175 TAPSCOTT STREET
1151,TAPSCOTT STREET REHAB,BROOKLYN,155,354,11/28/2023,28,3035500016,4,,185 TAPSCOTT STREET
1152,TAPSCOTT STREET REHAB,BROOKLYN,155,354,11/28/2023,28,3035490041,5,M,184 TAPSCOTT STREET
1153,TAPSCOTT STREET REHAB,BROOKLYN,155,354,11/28/2023,28,3035500011,6,M,187 TAPSCOTT STREET
1154,TAPSCOTT STREET REHAB,BROOKLYN,155,354,11/28/2023,28,3035500011,6,,197 TAPSCOTT STREET
1155,TAPSCOTT STREET REHAB,BROOKLYN,155,354,11/28/2023,28,3035490039,7,M,192 TAPSCOTT STREET
1156,TAPSCOTT STREET REHAB,BROOKLYN,155,354,11/28/2023,28,3035500006,8,,209 TAPSCOTT STREET
1157,TWIN PARKS WEST (SITES 1 & 2),BRONX,312,227,10/31/2018,29,2031430167,,,2251 WEBSTER AVENUE
1158,TWIN PARKS WEST (SITES 1 & 2),BRONX,312,227,10/31/2018,29,2031430206,,,2273 WEBSTER AVENUE
1159,TWIN PARKS WEST (SITES 1 & 2),BRONX,312,227,10/31/2018,29,2031430234,,,2291 WEBSTER AVENUE
1160,TWIN PARKS WEST (SITES 1 & 2),BRONX,312,227,10/31/2018,29,2031430236,,,2303 WEBSTER AVENUE
1161,TWIN PARKS WEST (SITES 1 & 2),BRONX,312,227,10/31/2018,29,2031430234,,,371 EAST 183RD STREET
1162,TWIN PARKS WEST (SITES 1 & 2),BRONX,312,227,10/31/2018,29,2031430206,,,380 EAST 183RD STREET
1163,TWIN PARKS WEST (SITES 1 & 2),BRONX,312,227,10/31/2018,29,2031430167,,,386 FORD STREET
1164,TWIN PARKS WEST (SITES 1 & 2),BRONX,312,227,10/31/2018,29,2031430240,,,390 EAST 184TH STREET
1165,TWIN PARKS WEST (SITES 1 & 2),BRONX,312,227,10/31/2018,29,2031430236,,,394 EAST 184TH STREET
1166,TWIN PARKS WEST (SITES 1 & 2),BRONX,312,227,10/31/2018,29,2031430155,1,M,"365 FORD STREET, WING D"
1167,TWIN PARKS WEST (SITES 1 & 2),BRONX,312,227,10/31/2018,29,2031430155,1,,360 FORD STREET
1168,TWIN PARKS WEST (SITES 1 & 2),BRONX,312,227,10/31/2018,29,2031430155,1,M,"365 FORD STREET, WING A"
1169,TWIN PARKS WEST (SITES 1 & 2),BRONX,312,227,10/31/2018,29,2031430155,1,M,"365 FORD STREET, WING B"
1170,TWIN PARKS WEST (SITES 1 & 2),BRONX,312,227,10/31/2018,29,2031430155,1,,355 FORD STREET
1171,TWIN PARKS WEST (SITES 1 & 2),BRONX,312,227,10/31/2018,29,2031430155,1,M,"365 FORD STREET, WING C"
1172,TWIN PARKS WEST (SITES 1 & 2),BRONX,312,227,10/31/2018,29,2031430155,1,,353 FORD STREET
1173,TWIN PARKS WEST (SITES 1 & 2),BRONX,312,227,10/31/2018,29,2031430155,1,M,"365 EAST 183RD STREET, WING D"
1174,TWIN PARKS WEST (SITES 1 & 2),BRONX,312,227,10/31/2018,29,2031430155,1,,365 FORD STREET
1175,TWIN PARKS WEST (SITES 1 & 2),BRONX,312,227,10/31/2018,29,2031430155,1,M,"365 EAST 183RD STREET, WING E"
1176,TWIN PARKS WEST (SITES 1 & 2),BRONX,312,227,10/31/2018,29,2031430155,1,,355 EAST 183RD STREET
1177,TWIN PARKS WEST (SITES 1 & 2),BRONX,312,227,10/31/2018,29,2031430155,1,M,"365 EAST 183RD STREET, WING F"
1178,UNION AVENUE-EAST 163RD STREET,BRONX,200,342,11/28/2023,29,2026780001,1,M,950 UNION AVENUE
1179,UNION AVENUE-EAST 166TH STREET,BRONX,120,356,11/28/2023,29,2026800013,1,M,1135 PROSPECT AVENUE
1180,UNION AVENUE-EAST 166TH STREET,BRONX,120,356,11/28/2023,29,2026800013,2,M,819 EAST 167TH STREET
1181,UNION AVENUE-EAST 166TH STREET,BRONX,120,356,11/28/2023,29,2026800013,2,M,817 EAST 167TH STREET
1182,UNION AVENUE-EAST 166TH STREET,BRONX,120,356,11/28/2023,29,2026800013,2,M,815 EAST 167TH STREET
1183,UNION AVENUE-EAST 166TH STREET,BRONX,120,356,11/28/2023,29,2026800013,2,M,813 EAST 167TH STREET
1184,UNION AVENUE-EAST 166TH STREET,BRONX,120,356,11/28/2023,29,2026800013,2,M,811 EAST 167TH STREET
1185,UNION AVENUE-EAST 166TH STREET,BRONX,120,356,11/28/2023,29,2026800001,3,M,1104 UNION AVENUE
1186,UNION AVENUE-EAST 166TH STREET,BRONX,120,356,11/28/2023,29,2026800001,3,M,1102 UNION AVENUE
1187,UNION AVENUE-EAST 166TH STREET,BRONX,120,356,11/28/2023,29,2026800001,3,M,1100 UNION AVENUE
1188,UNION AVENUE-EAST 166TH STREET,BRONX,120,356,11/28/2023,29,2026800001,3,M,1098 UNION AVENUE
1189,UNION AVENUE-EAST 166TH STREET,BRONX,120,356,11/28/2023,29,2026800001,3,M,1096 UNION AVENUE
1190,UNION AVENUE-EAST 166TH STREET,BRONX,120,356,11/28/2023,29,2026800001,4,M,815 EAST 166TH STREET
1191,UNION AVENUE-EAST 166TH STREET,BRONX,120,356,11/28/2023,29,2026800001,4,M,817 EAST 166TH STREET
1192,UNION AVENUE-EAST 166TH STREET,BRONX,120,356,11/28/2023,29,2026800001,4,M,819 EAST 166TH STREET
1193,UNION AVENUE-EAST 166TH STREET,BRONX,120,356,11/28/2023,29,2026800001,5,M,822 EAST 167TH STREET
1194,UNION AVENUE-EAST 166TH STREET,BRONX,120,356,11/28/2023,29,2026800001,5,M,820 EAST 167TH STREET
1195,UNION AVENUE-EAST 166TH STREET,BRONX,120,356,11/28/2023,29,2026800001,5,M,818 EAST 167TH STREET
1196,UNION AVENUE-EAST 166TH STREET,BRONX,120,356,11/28/2023,29,2026800001,6,M,1111 PROSPECT AVENUE
1197,WASHINGTON HEIGHTS REHAB (GROUPS 1&2),MANHATTAN,216,293,11/30/2020,30,,,M,
1198,WASHINGTON HEIGHTS REHAB PHASE III (FORT WASHINGTON),MANHATTAN,88,523,11/30/2020,30,1021320047,1,,2340 AMSTERDAM AVENUE
1199,WASHINGTON HEIGHTS REHAB PHASE III (FORT WASHINGTON),MANHATTAN,88,523,11/30/2020,30,1021320047,1,M,501 WEST 176TH STREET
1200,WASHINGTON HEIGHTS REHAB PHASE III (FORT WASHINGTON),MANHATTAN,88,523,11/30/2020,30,1021320047,1,,2346 AMSTERDAM AVENUE
1201,WASHINGTON HEIGHTS REHAB PHASE III (FORT WASHINGTON),MANHATTAN,88,523,11/30/2020,30,1021320047,1,M,500 WEST 177TH STREET
1202,WASHINGTON HEIGHTS REHAB PHASE III (FORT WASHINGTON),MANHATTAN,88,523,11/30/2020,30,1021320110,2,M,503 WEST 177TH STREET
1203,WASHINGTON HEIGHTS REHAB PHASE III (FORT WASHINGTON),MANHATTAN,88,523,11/30/2020,30,1021320114,3,M,511 WEST 177TH STREET
1204,WASHINGTON HEIGHTS REHAB PHASE III (FORT WASHINGTON),MANHATTAN,88,523,11/30/2020,30,1021320100,4,,514 WEST 177TH STREET
1205,WASHINGTON HEIGHTS REHAB PHASE III (FORT WASHINGTON),MANHATTAN,88,523,11/30/2020,30,1021320100,4,M,506 WEST 177TH STREET
1206,WASHINGTON HEIGHTS REHAB PHASE III (FORT WASHINGTON),MANHATTAN,88,523,11/30/2020,30,1021320094,5,M,509 WEST 176TH STREET
1207,WASHINGTON HEIGHTS REHAB PHASE III (HARLEM RIVER),MANHATTAN,14,329,11/30/2020,30,1021100071,2,M,450 WEST 164TH STREET
1208,WASHINGTON HEIGHTS REHAB PHASE III (HARLEM RIVER),MANHATTAN,14,329,11/30/2020,30,1021110038,3,M,457 WEST 164TH STREET
1209,WASHINGTON HEIGHTS REHAB PHASE III (HARLEM RIVER),MANHATTAN,14,329,11/30/2020,30,1021110040,4,M,461 WEST 164TH STREET
1210,WASHINGTON HEIGHTS REHAB PHASE III (HARLEM RIVER),MANHATTAN,14,329,11/30/2020,30,1021110041,5,M,463 WEST 164TH STREET
1211,WASHINGTON HEIGHTS REHAB PHASE III (HARLEM RIVER),MANHATTAN,14,329,11/30/2020,30,1021110042,6,M,465 WEST 164TH STREET
1212,WASHINGTON HEIGHTS REHAB PHASE III (HARLEM RIVER),MANHATTAN,14,329,11/30/2020,30,1021210051,7,M,500 WEST 164TH STREET
1213,WASHINGTON HEIGHTS REHAB PHASE III (HARLEM RIVER),MANHATTAN,14,329,11/30/2020,30,1021110005,8,M,2109 AMSTERDAM AVENUE
1214,WASHINGTON HEIGHTS REHAB PHASE III (HARLEM RIVER),MANHATTAN,14,329,11/30/2020,30,1021110006,8,,2111 AMSTERDAM AVENUE
1215,WASHINGTON HEIGHTS REHAB PHASE IV (C),MANHATTAN,32,330,11/30/2020,30,1021150060,1,M,545 WEST 156TH STREET
1216,WASHINGTON HEIGHTS REHAB PHASE IV (D),MANHATTAN,32,331,11/30/2020,30,1021320106,1,M,502 WEST 177TH STREET
1217,WASHINGTON HEIGHTS REHAB PHASE IV (D),MANHATTAN,32,331,11/30/2020,30,1021320084,2,M,506 WEST 176TH STREET
1218,WEEKSVILLE GARDENS,BROOKLYN,257,229,2/12/2020,30,1021320082,3,M,510 WEST 176TH STREET
1219,WEEKSVILLE GARDENS,BROOKLYN,257,229,2/12/2020,30,1021320080,4,M,514 WEST 176TH STREET
1220,WEEKSVILLE GARDENS,BROOKLYN,257,229,2/12/2020,30,3013410001,1,M,1625 DEAN STREET
1221,WEEKSVILLE GARDENS,BROOKLYN,257,229,2/12/2020,30,3013410001,1,M,1615 DEAN STREET
1222,WEST BRIGHTON I,STATEN,490,116,6/26/2024,31,,,M,
1223,WEST BRIGHTON I,STATEN,490,116,6/26/2024,31,,,M,
1224,WEST BRIGHTON I,STATEN,490,116,6/26/2024,31,,,M,
1225,WEST BRIGHTON I,STATEN,490,116,6/26/2024,31,,,M,
1226,WEST BRIGHTON I,STATEN,490,116,6/26/2024,31,,,M,
1227,WEST BRIGHTON I,STATEN,490,116,6/26/2024,31,,,M,
1228,WEST BRIGHTON I,STATEN,490,116,6/26/2024,31,,,M,
1229,WEST BRIGHTON I,STATEN,490,116,6/26/2024,31,,,,
1230,WEST BRIGHTON I,STATEN,490,116,6/26/2024,31,,,M,
1231,WEST BRIGHTON I,STATEN,490,116,6/26/2024,31,,,M,
1232,WEST BRIGHTON I,STATEN,490,116,6/26/2024,31,,,,
1233,WEST BRIGHTON I,STATEN,490,116,6/26/2024,31,,,M,
1234,WEST BRIGHTON I,STATEN,490,116,6/26/2024,31,,,M,
1235,WEST BRIGHTON II,STATEN,144,175,6/26/2024,31,5001960001,1,M,820 HENDERSON AVENUE
1236,WEST BRIGHTON II,STATEN,144,175,6/26/2024,31,5001960001,17,,778GAR HENDERSON AVENUE
1237,WEST BRIGHTON II,STATEN,144,175,6/26/2024,31,5001960001,2,M,806 HENDERSON AVENUE
1238,WEST BRIGHTON II,STATEN,144,175,6/26/2024,31,5001960001,3,M,780 HENDERSON AVENUE
1239,WEST BRIGHTON II,STATEN,144,175,6/26/2024,31,5001960001,4,,210 BROADWAY
1240,WEST BRIGHTON II,STATEN,144,175,6/26/2024,31,5001960001,4,M,778 HENDERSON AVENUE
1241,WEST BRIGHTON II,STATEN,144,175,6/26/2024,31,5001960001,4,,770 HENDERSON AVENUE
1242,WEST BRIGHTON II,STATEN,144,175,6/26/2024,31,5001960001,5,,814 HENDERSON AVENUE
1243,WEST BRIGHTON II,STATEN,144,175,6/26/2024,31,5001960001,5,M,810 HENDERSON AVENUE
1244,WEST BRIGHTON II,STATEN,144,175,6/26/2024,31,5001960001,6,M,240 BROADWAY
1245,WEST BRIGHTON II,STATEN,144,175,6/26/2024,31,5001960001,6,,230 BROADWAY
1246,WEST BRIGHTON II,STATEN,144,175,6/26/2024,31,5001960001,7,M,1077 CASTLETON AVENUE
1247,WEST BRIGHTON II,STATEN,144,175,6/26/2024,31,5001960001,8,M,1075 CASTLETON AVENUE
1248,WILLIAMS PLAZA,BROOKLYN,577,128,2/12/2020,31,5001960001,10,M,157 ALASKA STREET
1249,WILLIAMS PLAZA,BROOKLYN,577,128,2/12/2020,31,5001960001,11,M,155 ALASKA STREET
1250,WILLIAMS PLAZA,BROOKLYN,577,128,2/12/2020,31,5001960001,12,M,1115 CASTLETON AVENUE
1251,WILLIAMS PLAZA,BROOKLYN,577,128,2/12/2020,31,5001960001,13,,1083 CASTLETON AVENUE
1252,WILLIAMS PLAZA,BROOKLYN,577,128,2/12/2020,31,5001960001,13,M,1085 CASTLETON AVENUE
1253,WILLIAMS PLAZA,BROOKLYN,577,128,2/12/2020,31,5001960001,14,M,1065 CASTLETON AVENUE
1254,WILLIAMS PLAZA,BROOKLYN,577,128,2/12/2020,31,5001960001,15,M,260 BROADWAY
1255,WILLIAMS PLAZA,BROOKLYN,577,128,2/12/2020,31,5001960001,16,M,244 BROADWAY
1256,WILLIAMS PLAZA,BROOKLYN,577,128,2/12/2020,31,5001960001,9,M,159 ALASKA STREET
1257,WILLIAMS PLAZA,BROOKLYN,577,128,2/12/2020,31,3021400026,1,,323 ROEBLING STREET
1258,WILLIAMS PLAZA,BROOKLYN,577,128,2/12/2020,31,3021400026,1,,321 ROEBLING STREET
1259,WILLIAMS PLAZA,BROOKLYN,577,128,2/12/2020,31,3021400026,1,M,325 ROEBLING STREET
1260,WILLIAMS PLAZA,BROOKLYN,577,128,2/12/2020,31,3021400026,1,,333 ROEBLING STREET
1261,WILLIAMS PLAZA,BROOKLYN,577,128,2/12/2020,31,3021400026,1,,327 ROEBLING STREET
1262,WILLIAMSBURG,BROOKLYN,1,002,12/28/2021,32,,,,
1263,WILLIAMSBURG,BROOKLYN,1,002,12/28/2021,32,,,M,
1264,WILLIAMSBURG,BROOKLYN,1,002,12/28/2021,32,,,,
1265,WILLIAMSBURG,BROOKLYN,1,002,12/28/2021,32,,,M,
1266,WILLIAMSBURG,BROOKLYN,1,002,12/28/2021,32,,,M,
1267,WILLIAMSBURG,BROOKLYN,1,002,12/28/2021,32,,,,
1268,WILLIAMSBURG,BROOKLYN,1,002,12/28/2021,32,,,,
1269,WILLIAMSBURG,BROOKLYN,1,002,12/28/2021,32,,,,
1270,WILLIAMSBURG,BROOKLYN,1,002,12/28/2021,32,3030250070,,,139 SCHOLES STREET
1271,WILLIAMSBURG,BROOKLYN,1,002,12/28/2021,32,3030240001,1,M,87 TEN EYCK WALK
1272,WILLIAMSBURG,BROOKLYN,1,002,12/28/2021,32,3030240001,1,,174 LEONARD STREET
1273,WILLIAMSBURG,BROOKLYN,1,002,12/28/2021,32,3030240001,1,,178 LEONARD STREET
1274,WILLIAMSBURG,BROOKLYN,1,002,12/28/2021,32,3030240001,1,M,89 TEN EYCK WALK
1275,WILLIAMSBURG,BROOKLYN,1,002,12/28/2021,32,3030240001,1,,176 LEONARD STREET
1276,WILLIAMSBURG,BROOKLYN,1,002,12/28/2021,32,3030240001,1,M,92 MAUJER STREET
1277,WILLIAMSBURG,BROOKLYN,1,002,12/28/2021,32,3030240001,1,M,90 MAUJER STREET
1278,WILLIAMSBURG,BROOKLYN,1,002,12/28/2021,32,3030240001,1,M,94 MAUJER STREET
1279,WILLIAMSBURG,BROOKLYN,1,002,12/28/2021,32,3030240001,1,M,91 TEN EYCK WALK
1280,WILLIAMSBURG,BROOKLYN,1,002,12/28/2021,32,3030240001,1,M,93 TEN EYCK WALK
1281,WILLIAMSBURG,BROOKLYN,1,002,12/28/2021,32,3030240001,1,M,95 TEN EYCK WALK
1282,WILLIAMSBURG,BROOKLYN,1,002,12/28/2021,32,3030260001,10,M,183 TEN EYCK WALK
1283,WILLIAMSBURG,BROOKLYN,1,002,12/28/2021,32,3030260001,10,M,180 MAUJER STREET
1284,WILLIAMSBURG,BROOKLYN,1,002,12/28/2021,32,3030260001,10,M,178 MAUJER STREET
1285,WILLIAMSBURG,BROOKLYN,1,002,12/28/2021,32,3030260001,10,,176 MAUJER STREET
1286,WILLIAMSBURG,BROOKLYN,1,002,12/28/2021,32,3030260001,10,M,182 MAUJER STREET
1287,WILLIAMSBURG,BROOKLYN,1,002,12/28/2021,32,3030260001,10,M,184 MAUJER STREET
1288,WILLIAMSBURG,BROOKLYN,1,002,12/28/2021,32,3030260001,10,M,185 TEN EYCK WALK
1289,WILLIAMSBURG,BROOKLYN,1,002,12/28/2021,32,3030260001,10,M,187 TEN EYCK WALK
1290,WILLIAMSBURG,BROOKLYN,1,002,12/28/2021,32,3030260001,11,M,164 TEN EYCK WALK
1291,WILLIAMSBURG,BROOKLYN,1,002,12/28/2021,32,3030260001,11,,222 GRAHAM AVENUE
1292,WILLIAMSBURG,BROOKLYN,1,002,12/28/2021,32,3030260001,11,M,166 TEN EYCK WALK
1293,WILLIAMSBURG,BROOKLYN,1,002,12/28/2021,32,3030260001,11,M,168 TEN EYCK WALK
1294,WILLIAMSBURG,BROOKLYN,1,002,12/28/2021,32,3030260001,11,M,169 STAGG WALK
1295,WILLIAMSBURG,BROOKLYN,1,002,12/28/2021,32,3030260001,11,M,181 STAGG WALK
1296,WILLIAMSBURG,BROOKLYN,1,002,12/28/2021,32,3030260001,12,M,186 TEN EYCK WALK
1297,WILLIAMSBURG,BROOKLYN,1,002,12/28/2021,32,3030260001,12,M,188 TEN EYCK WALK
1298,WILLIAMSBURG,BROOKLYN,1,002,12/28/2021,32,3030260001,12,M,190 TEN EYCK WALK
1299,WILLIAMSBURG,BROOKLYN,1,002,12/28/2021,32,3030260001,12,M,197 STAGG WALK
1300,WILLIAMSBURG,BROOKLYN,1,002,12/28/2021,32,3030260001,12,M,199 STAGG WALK
1301,WILLIAMSBURG,BROOKLYN,1,002,12/28/2021,32,3030260001,13,M,160 STAGG WALK
1302,WILLIAMSBURG,BROOKLYN,1,002,12/28/2021,32,3030260001,13,,214 GRAHAM AVENUE
1303,WILLIAMSBURG,BROOKLYN,1,002,12/28/2021,32,3030260001,13,,212 GRAHAM AVENUE
1304,WILLIAMSBURG,BROOKLYN,1,002,12/28/2021,32,3030260001,13,,210 GRAHAM AVENUE
1305,WILLIAMSBURG,BROOKLYN,1,002,12/28/2021,32,3030260001,13,,202 GRAHAM AVENUE
1306,WILLIAMSBURG,BROOKLYN,1,002,12/28/2021,32,3030260001,13,M,165 SCHOLES STREET
1307,WILLIAMSBURG,BROOKLYN,1,002,12/28/2021,32,3030260001,13,,208 GRAHAM AVENUE
1308,WILLIAMSBURG,BROOKLYN,1,002,12/28/2021,32,3030260001,13,,206 GRAHAM AVENUE
1309,WILLIAMSBURG,BROOKLYN,1,002,12/28/2021,32,3030260001,13,M,163 SCHOLES STREET
1310,WILLIAMSBURG,BROOKLYN,1,002,12/28/2021,32,3030260001,13,,204 GRAHAM AVENUE
1311,WILLIAMSBURG,BROOKLYN,1,002,12/28/2021,32,3030260001,13,,159 SCHOLES STREET
1312,,,,,,33,,,M,
1313,,,,,,33,,,M,
1314,,,,,,33,,,M,
1315,,,,,,33,,,M,
1316,,,,,,33,,,M,
1317,,,,,,33,,,M,
1318,,,,,,33,,,M,
1319,,,,,,33,,,M,
1320,,,,,,33,,,M,
1321,,,,,,33,,,M,
1322,,,,,,33,,,M,
1323,,,,,,33,,,M,
1324,,,,,,33,,,M,
1325,,,,,,33,,,M,
1326,,,,,,33,,,M,
1327,,,,,,33,,,M,
1328,,,,,,33,,,M,
1329,,,,,,33,,,M,
1330,,,,,,33,,,M,
1331,,,,,,33,,,M,
1332,,,,,,33,,,M,
1333,,,,,,33,,,M,
1334,,,,,,33,,,,
1335,,,,,,33,,,,
1336,,,,,,33,,,M,
1337,,,,,,33,,,M,
1338,,,,,,33,,,,
1339,,,,,,33,,,,
1340,,,,,,33,,,,
1341,,,,,,33,,,,
1342,,,,,,33,,,M,
1343,,,,,,33,,,,
1344,,,,,,33,,,,
1345,,,,,,33,,,M,
1346,,,,,,33,,,M,
1347,,,,,,33,,,M,
1348,,,,,,33,,,M,
1349,,,,,,33,,,M,
1350,,,,,,33,,,M,
1351,,,,,,33,,,M,
1352,,,,,,33,,,M,
1353,,,,,,33,,,M,
1354,,,,,,33,,,M,
1355,,,,,,33,,,M,
1356,,,,,,33,,,M,
1357,,,,,,33,,,M,
1358,,,,,,33,,,M,
1359,,,,,,33,,,M,
1360,,,,,,33,,,M,
1361,,,,,,33,,,M,
1362,,,,,,33,,,M,
1363,,,,,,33,,,M,
1364,,,,,,33,,,M,
1365,,,,,,33,,,M,
1366,,,,,,33,,,M,
1367,,,,,,34,,,M,
1368,,,,,,34,,,M,
1369,,,,,,34,,,M,
1370,,,,,,34,,,M,
1371,,,,,,34,,,M,
1372,,,,,,34,,,M,
1373,,,,,,34,,,M,
1374,,,,,,34,,,,
1375,,,,,,34,,,,
1376,,,,,,34,,,M,
1377,,,,,,34,,,,
1378,,,,,,34,,,M,
1379,,,,,,34,,,M,
1380,,,,,,34,,,,
1381,,,,,,34,,,M,
1382,,,,,,34,,,M,
1383,,,,,,34,,,M,
1384,,,,,,34,,,M,
1385,,,,,,34,,,M,
1386,,,,,,34,,,M,
1387,,,,,,34,,,M,
1388,,,,,,34,,,M,
1389,,,,,,34,,,M,
1390,,,,,,34,,,M,
1391,,,,,,34,,,M,
1392,,,,,,34,,,M,
1393,,,,,,34,,,M,
1394,,,,,,34,,,M,
1395,,,,,,34,,,M,
1396,,,,,,34,,,M,
1397,,,,,,34,,,M,
1398,,,,,,34,,,M,
1399,,,,,,34,,,M,
1400,,,,,,34,,,M,
1401,,,,,,34,,,M,
1402,,,,,,34,,,M,
1403,,,,,,34,,,M,
1404,,,,,,34,,,M,
1405,,,,,,34,,,M,
1406,,,,,,34,,,M,
1407,,,,,,34,,,M,
1408,,,,,,34,,,M,
1409,,,,,,34,,,M,
1410,,,,,,34,,,M,
1411,,,,,,34,,,M,
1412,,,,,,34,,,M,
1413,,,,,,34,,,M,
1414,,,,,,34,,,M,
1415,,,,,,34,,,M,
1416,,,,,,34,,,,
1417,,,,,,34,,,,
1418,,,,,,34,,,M,
1419,,,,,,34,,,M,
1420,,,,,,34,,,,
1421,,,,,,34,,,,
1422,WISE TOWERS,MANHATTAN,399,127,11/30/2020,35,,,,
1423,WISE TOWERS,MANHATTAN,399,127,11/30/2020,35,,,,
1424,WISE TOWERS,MANHATTAN,399,127,11/30/2020,35,,,,
1425,WISE TOWERS,MANHATTAN,399,127,11/30/2020,35,,,,
1426,WISE TOWERS,MANHATTAN,399,127,11/30/2020,35,,,,
1427,WISE TOWERS,MANHATTAN,399,127,11/30/2020,35,,,,
1428,WISE TOWERS,MANHATTAN,399,127,11/30/2020,35,,,,
1429,WISE TOWERS,MANHATTAN,399,127,11/30/2020,35,,,,
1430,WISE TOWERS,MANHATTAN,399,127,11/30/2020,35,,,,
1431,WISE TOWERS,MANHATTAN,399,127,11/30/2020,35,,,,
1432,WISE TOWERS,MANHATTAN,399,127,11/30/2020,35,,,,
1433,WISE TOWERS,MANHATTAN,399,127,11/30/2020,35,,,,
1434,WISE TOWERS,MANHATTAN,399,127,11/30/2020,35,,,,
1435,WISE TOWERS,MANHATTAN,399,127,11/30/2020,35,,,,
1436,WISE TOWERS,MANHATTAN,399,127,11/30/2020,35,,,,
1437,WISE TOWERS,MANHATTAN,399,127,11/30/2020,35,,,,
1438,WISE TOWERS,MANHATTAN,399,127,11/30/2020,35,,,,
1439,WISE TOWERS,MANHATTAN,399,127,11/30/2020,35,,,,
1440,WISE TOWERS,MANHATTAN,399,127,11/30/2020,35,,,,
1441,WISE TOWERS,MANHATTAN,399,127,11/30/2020,35,,,,
1442,WISE TOWERS,MANHATTAN,399,127,11/30/2020,35,,,,
1443,WISE TOWERS,MANHATTAN,399,127,11/30/2020,35,,,,
1444,WISE TOWERS,MANHATTAN,399,127,11/30/2020,35,,,,
1445,WISE TOWERS,MANHATTAN,399,127,11/30/2020,35,,,,
1446,WISE TOWERS,MANHATTAN,399,127,11/30/2020,35,,,,
1447,WISE TOWERS,MANHATTAN,399,127,11/30/2020,35,,,,
1448,WISE TOWERS,MANHATTAN,399,127,11/30/2020,35,1012210007,1,M,117 WEST 90TH STREET
1449,WISE TOWERS,MANHATTAN,399,127,11/30/2020,35,1012210007,1,,111 WEST 90TH STREET
1450,WISE TOWERS,MANHATTAN,399,127,11/30/2020,35,1012210007,1,,114 WEST 91ST STREET
1451,WISE TOWERS,MANHATTAN,399,127,11/30/2020,35,1012210007,1,,124 WEST 91ST STREET
1452,WISE TOWERS,MANHATTAN,399,127,11/30/2020,35,1012210007,1,M,120 WEST 91ST STREET
1453,WISE TOWERS,MANHATTAN,399,127,11/30/2020,35,1012210007,2,M,133 WEST 90TH STREET
1454,WISE TOWERS,MANHATTAN,399,127,11/30/2020,35,1012210007,2,M,136 WEST 91ST STREET
1455,WISE TOWERS,MANHATTAN,399,127,11/30/2020,35,1012210007,3,,141 WEST 90TH STREET
