,full_address,A,B,C,I,,,,,,
0,133 WEST 90 STREET,50,104,86,,,,,,,
1,56-10 BEACH CHANNEL DRIVE,15,39,77,1,,,,,,
2,330 MILLER AVENUE,29,111,62,,,,,,,
3,881 SCHENCK AVENUE,9,30,59,21,,,,,,
4,1598 STERLING PLACE,24,55,57,,,,,,,
5,111 WEST 90 STREET,30,31,55,,,,,,,
6,1170 229 DRIVE SOUTH,28,20,54,,,,,,,
7,2621 ADAM C POWELL BOULEVARD,18,46,54,2,,,,,,
8,1970 AMSTERDAM AVENUE,26,57,52,2,,,,,,
9,2440 BOSTON ROAD,9,17,52,,,,,,,
10,439 BEACH 54 STREET,3,11,50,,,,,,,
11,692 RALPH AVENUE,58,28,49,,,,,0.26534296,,
12,245 WORTMAN AVENUE,53,71,49,,,,,0.358333333,,
13,2058 UNION STREET,34,27,48,2,,,,,,
14,2449 ADAM C POWELL BOULEVARD,12,20,48,,,,,,,
15,875 PENNSYLVANIA AVENUE,61,40,45,1,,,,,,
16,185 WORTMAN AVENUE,21,39,44,,,,,,,
17,511 WEST 177 STREET,20,42,44,1,,,,,,
18,710 CROES AVENUE,19,30,43,,,,,,,
19,234 GROVE STREET,22,39,43,1,,,,,,
20,807 SCHENCK AVENUE,29,44,43,1,,,,,,
21,54-41 ALMEDA AVENUE,37,31,42,,,,,,,
22,357 WORTMAN AVENUE,9,20,42,1,,,,ordernumber,description,count
23,344 EAST 28 STREET,12,53,41,1,,,,508,"¤ 27-2005 ADM CODE  REPAIR THE BROKEN OR DEFECTIVE PLASTERED SURFACES AND PAINT IN A
  UNIFORM COLOR",1393
24,139 HARMAN STREET,3,6,41,1,,,,530,"¤ 27-2005, 2007 ADM CODE  ARRANGE AND MAKE SELF-CLOSING THE DOORS",1295
25,460 EAST 147 STREET,5,26,40,,,,,501,¤ 27-2005 ADM CODE  PROPERLY REPAIR THE BROKEN OR DEFECTIVE,891
26,160 MENAHAN STREET,21,14,40,1,,,,556,"¤ 27-2013 ADM CODE  PAINT WITH LIGHT COLORED PAINT TO THE SATISFACTION OF THIS
  DEPARTMENT",714
27,320 MILLER AVENUE,28,38,39,,,,,1507,?,676
28,2650 ADAM C POWELL BOULEVARD,34,26,39,1,,,,568,¤ 27-2018 ADMIN. CODE:  ABATE THE INFESTATION CONSISTING OF ROACHES,673
29,2465 ADAM C POWELL BOULEVARD,5,9,39,,,,,550,¤  27-2005 HMC:TRACE AND REPAIR THE SOURCE AND ABATE THE NUISANCE CONSISTING OF MOLD ...,596
30,773 STANLEY AVENUE,12,37,38,,,,,502,¤ 27-2005 ADM CODE  PROPERLY REPAIR WITH SIMILAR MATERIAL THE BROKEN OR DEFECTIVE,593
31,2641 ADAM C POWELL BOULEVARD,15,26,38,1,,,,583,"¤ 27-2026, 2027 HMC: PROPERLY REPAIR THE SOURCE AND ABATE THE EVIDENCE OF A WATER LEAK",526
32,545 WEST 156 STREET,35,23,38,,,,,672,¤  27-2033 ADM CODE  PROVIDE READY ACCESS TO BUILDINGS HEATING SYSTEM,521
33,1470 AMSTERDAM AVENUE,33,52,37,1,,,,,,
34,1474 PARK PLACE,33,30,37,,,,,,,
35,2620 ADAM C POWELL BOULEVARD,9,19,37,1,,,,,,
36,521 EAST 145 STREET,7,19,36,,,,,,,
37,1165 EAST 229 STREET,31,37,35,,,,,,,
38,51-45 ALMEDA AVENUE,31,35,35,,,,,,,
39,1430 AMSTERDAM AVENUE,19,34,35,1,,,,,,
40,1448 STERLING PLACE,24,29,33,,,,,,,
41,44 MACOMBS PLACE,16,13,33,1,,,,,,
42,141 WEST 142 STREET,10,11,33,1,,,,,,
43,245 COZINE AVENUE,14,27,32,,,,,,,
44,1138 229 DRIVE SOUTH,22,28,32,,,,,,,
45,56-16 BEACH CHANNEL DRIVE,17,55,32,,,,,,,
46,124 MAUJER STREET,21,17,31,1,,,,,,
47,270 WORTMAN AVENUE,27,12,31,,,,,,,
48,1578 STERLING PLACE,8,10,30,,,,,,,
49,2041 PACIFIC STREET,26,35,30,,,,,,,
50,190 WORTMAN AVENUE,20,17,30,,,,,,,
51,215 COZINE AVENUE,18,27,30,,,,,,,
52,208 ROCHESTER AVENUE,15,29,30,,,,,,,
53,2850 FREDERICK DOUGLASS BOULEVARD,31,37,29,1,,,,,,
54,509 WEST 176 STREET,9,31,29,,,,,,,
55,131 WEST 143 STREET,4,9,28,,,,,,,
56,775 MARCY AVENUE,65,30,27,,,,,,,
57,2202 LINDEN BOULEVARD,15,18,27,1,,,,,,
58,2473 ADAM C POWELL BOULEVARD,1,1,27,,,,,,,
59,1961 SCHIEFFELIN AVENUE,10,12,27,,,,,,,
60,682 RALPH AVENUE,22,12,26,,,,,,,
61,2065 DEAN STREET,17,23,26,,,,,,,
62,1484 PARK PLACE,22,14,26,,,,,,,
63,54-15 ALMEDA AVENUE,19,25,26,,,,,,,
64,480 EAST 143 STREET,7,14,26,2,,,,,,
65,457 WEST 164 STREET,15,47,26,,,,,,,
66,400 BROOK AVENUE,17,31,25,,,,,,,
67,145 WEST 143 STREET,10,8,25,,,,,,,
68,221 WEST 152 STREET,14,15,25,1,,,,,,
69,955 RUTLAND ROAD,9,8,25,,,,,,,
70,2150 LINDEN BOULEVARD,6,20,24,,,,,,,
71,640 STANLEY AVENUE,7,12,24,,,,,,,
72,1195 EAST 225 STREET,2,10,24,,,,,,,
73,2441 ADAM C POWELL BOULEVARD,14,6,24,1,,,,,,
74,1640 STERLING PLACE,6,45,24,,,,,,,
75,570 STANLEY AVENUE,24,41,24,,,,,,,
76,225 WORTMAN AVENUE,16,29,23,,,,,,,
77,505 EAST 144 STREET,8,14,23,,,,,,,
78,550 EAST 147 STREET,12,31,23,,,,,,,
79,365 EAST 183 STREET,9,37,23,,,,,,,
80,765 STANLEY AVENUE,6,29,23,,,,,,,
81,51-24 BEACH CHANNEL DRIVE,7,18,22,,,,,,,
82,463 WEST 164 STREET,10,13,22,,,,,,,
83,113 WEST 144 STREET,4,11,21,,,,,,,
84,2340 AMSTERDAM AVENUE,19,14,20,,,,,,,
85,162 WEST 144 STREET,5,5,20,,,,,,,
86,1160 229 DRIVE SOUTH,18,13,20,,,,,,,
87,3550 BIVONA STREET,,7,20,,,,,,,
88,324 HOWARD AVENUE,15,25,20,,,,,,,
89,817 SCHENCK AVENUE,17,34,20,,,,,,,
90,434 BEACH 58 STREET,13,16,19,,,,,,,
91,54-22 BEACH CHANNEL DRIVE,6,3,19,,,,,,,
92,725 STANLEY AVENUE,29,36,19,,,,,,,
93,175 TAPSCOTT STREET,30,28,19,,,,,,,
94,51-32 BEACH CHANNEL DRIVE,3,23,18,,,,,,,
95,409 BEACH 51 STREET,3,12,18,,,,,,,
96,455 EAST 146 STREET,11,20,18,,,,,,,
97,1468 PARK PLACE,25,11,18,,,,,,,
98,215 SCHOLES STREET,12,29,18,,,,,,,
99,196 MAUJER STREET,3,,18,,,,,,,
100,698 RALPH AVENUE,23,11,17,,,,,,,
101,726 STANLEY AVENUE,12,7,17,,,,,,,
102,515 WEST 134 STREET,5,18,17,,,,,,,
103,220 LINDEN STREET,22,28,17,1,,,,,,
104,115 EAST 122 STREET,7,28,17,1,,,,,,
105,416 EAST 137 STREET,4,8,16,,,,,,,
106,630 STANLEY AVENUE,16,4,16,,,,,,,
107,1504 AMSTERDAM AVENUE,19,28,16,,,,,,,
108,845 SCHENCK AVENUE,5,18,16,,,,,,,
109,1175 EAST 229 STREET,18,27,16,,,,,,,
110,2175 REEDS MILL LANE,5,15,16,,,,,,,
111,184 TAPSCOTT STREET,2,4,15,,,,,,,
112,1077 CASTLETON AVENUE,8,10,15,1,,,,,,
113,2069 UNION STREET,18,5,15,1,,,,,,
114,400 EAST 147 STREET,7,16,15,,,,,,,
115,441 BEACH 51 STREET,2,9,15,,,,,,,
116,740 BEACH AVENUE,,16,15,,,,,,,
117,172 MENAHAN STREET,21,16,15,1,,,,,,
118,148 WEST 144 STREET,4,4,15,,,,,,,
119,112 WEST 139 STREET,3,2,15,,,,,,,
120,778 HENDERSON AVENUE,5,11,15,1,,,,,,
121,1125 229 DRIVE NORTH,25,14,15,,,,,,,
122,1588 STERLING PLACE,12,13,15,,,,,,,
123,285 COZINE AVENUE,20,12,14,,,,,,,
124,3861 BAYCHESTER AVENUE,12,24,14,,,,,,,
125,2219 PITKIN AVENUE,7,45,14,1,,,,,,
126,125 PALMETTO STREET,9,6,14,1,,,,,,
127,1506 STERLING PLACE,10,9,14,,,,,,,
128,87 TEN EYCK WALK,44,2,14,,,,,,,
129,1521 STERLING PLACE,9,7,14,,,,,,,
130,195 COZINE AVENUE,16,7,14,,,,,,,
131,51-49 ALMEDA AVENUE,3,8,14,,,,,,,
132,1155 EAST 225 STREET,2,3,14,,,,,,,
133,511 EAST 146 STREET,10,25,14,,,,,,,
134,514 WEST 177 STREET,6,5,14,,,,,,,
135,1130 226 DRIVE,37,16,14,,,,,,,
136,830 ASHFORD STREET,14,16,14,,,,,,,
137,521 EAST 146 STREET,3,5,14,,,,,,,
138,418 JEROME STREET,17,12,14,1,,,,,,
139,529 WEST 133 STREET,15,13,14,,,,,,,
140,199 TAPSCOTT STREET,5,5,13,,,,,,,
141,133 WEST 144 STREET,4,4,13,,,,,,,
142,507 HOWARD AVENUE,3,10,13,1,,,,,,
143,1159 229 DRIVE NORTH,9,22,13,,,,,,,
144,251 CENTRAL AVENUE,15,5,13,1,,,,,,
145,250 WORTMAN AVENUE,8,5,13,,,,,,,
146,1636 PARK PLACE,6,10,13,,,,,,,
147,54-30 BEACH CHANNEL DRIVE,5,24,12,,,,,,,
148,725 HOWARD AVENUE,10,11,12,,,,,,,
149,2403 ADAM C POWELL BOULEVARD,13,11,12,1,,,,,,
150,1137 229 DRIVE NORTH,10,16,12,,,,,,,
151,1183 226 DRIVE,6,5,12,,,,,,,
152,540 EAST 144 STREET,3,21,12,,,,,,,
153,163 WEST 143 STREET,10,2,12,,,,,,,
154,1173 229 DRIVE NORTH,10,6,12,,,,,,,
155,413 EAST 146 STREET,3,4,12,,,,,,,
156,410 BEACH 54 STREET,,4,12,,,,,,,
157,804 ASHFORD STREET,15,12,12,,,,,,,
158,710 NOBLE AVENUE,10,30,11,,,,,,,
159,54-49 ALMEDA AVENUE,3,8,11,,,,,,,
160,54-81 ALMEDA AVENUE,4,5,11,,,,,,,
161,104 TAPSCOTT STREET,12,5,11,1,,,,,,
162,1871 SCHIEFFELIN PLACE,6,20,11,,,,,,,
163,511 WEST 134 STREET,5,12,10,,,,,,,
164,123 TAYLOR STREET,13,16,10,,,,,,,
165,1420 AMSTERDAM AVENUE,1,5,10,,,,,,,
166,1920 SCHIEFFELIN AVENUE,10,26,10,,,,,,,
167,330 LEXINGTON AVENUE,4,6,10,,,,,,,
168,750 CROES AVENUE,2,7,10,,,,,,,
169,1452 STERLING PLACE,3,12,10,,,,,,,
170,234 ROCHESTER AVENUE,1,11,10,,,,,,,
171,1107 EAST 229 STREET,,2,10,,,,,,,
172,411 EAST 136 STREET,5,5,10,,,,,,,
173,2461 ADAM C POWELL BOULEVARD,4,4,10,,,,,,,
174,445 EAST 146 STREET,4,4,10,,,,,,,
175,551 EAST 143 STREET,2,3,10,,,,,,,
176,525 EAST 146 STREET,2,26,10,,,,,,,
177,502 WEST 177 STREET,10,13,10,,,,,,,
178,1511 STERLING PLACE,8,13,9,,,,,,,
179,545 WEST 126 STREET,10,16,9,1,,,,,,
180,728 HOWARD AVENUE,11,2,9,,,,,,,
181,1640 PARK PLACE,4,8,9,,,,,,,
182,501 HOWARD AVENUE,2,,9,1,,,,,,
183,2453 ADAM C POWELL BOULEVARD,2,3,9,,,,,,,
184,530 WEST 133 STREET,8,8,9,,,,,,,
185,3240 BROADWAY,1,6,9,1,,,,,,
186,1154 229 DRIVE SOUTH,8,5,9,,,,,,,
187,300 WORTMAN AVENUE,19,3,9,,,,,,,
188,295 COZINE AVENUE,6,11,9,,,,,,,
189,1646 PARK PLACE,4,4,9,,,,,,,
190,1142 LENOX ROAD,1,8,9,,,,,,,
191,1145 EAST 229 STREET,3,5,9,,,,,,,
192,361 WORTMAN AVENUE,14,4,9,,,,,,,
193,2045 UNION STREET,2,10,8,,,,,,,
194,602 HOWARD AVENUE,2,,8,,,,,,,
195,2156 LINDEN BOULEVARD,4,17,8,,,,,,,
196,601 CROTONA PARK NORTH,12,8,8,,,,,,,
197,580 CENTRAL AVENUE,23,9,8,1,,,,,,
198,780 HENDERSON AVENUE,7,5,8,1,,,,,,
199,2405 ADAM C POWELL BOULEVARD,1,2,8,1,,,,,,
200,574 HOWARD AVENUE,14,1,8,,,,,,,
201,220 WEST 152 STREET,8,2,8,1,,,,,,
202,1630 PARK PLACE,1,,8,,,,,,,
203,75 COVERT STREET,7,,8,1,,,,,,
204,1144 LENOX ROAD,9,14,8,1,,,,,,
205,514 WEST 134 STREET,16,16,8,,,,,,,
206,255 HAVEMEYER STREET,13,6,8,,,,,,,
207,690 EAST 140 STREET,7,11,8,,,,,,,
208,1722 STERLING PLACE,,6,8,,,,,,,
209,503 WEST 177 STREET,3,5,8,,,,,,,
210,1981 SCHIEFFELIN AVENUE,8,3,8,,,,,,,
211,411 BEACH 54 STREET,1,2,8,,,,,,,
212,54-75 ALMEDA AVENUE,2,7,8,,,,,,,
213,120 WEST 140 STREET,4,6,8,,,,,,,
214,1259 GREENE AVENUE,4,4,7,2,,,,,,
215,2401 ADAM C POWELL BOULEVARD,1,12,7,,,,,,,
216,188 MARCY AVENUE,7,10,7,,,,,,,
217,125 WEST 144 STREET,3,10,7,,,,,,,
218,1115 EAST 225 STREET,2,3,7,,,,,,,
219,405 LEXINGTON AVENUE,3,6,7,,,,,,,
220,595 EVERGREEN AVENUE,13,11,7,1,,,,,,
221,325 ROEBLING STREET,10,13,7,,,,,,,
222,1763 STERLING PLACE,2,,7,1,,,,,,
223,160 MAUJER STREET,2,7,7,,,,,,,
224,1130 229 DRIVE SOUTH,6,13,7,,,,,,,
225,319 LEXINGTON AVENUE,2,,7,1,,,,,,
226,905 EAGLE AVENUE,5,12,7,1,,,,,,
227,178 MAUJER STREET,3,4,7,,,,,,,
228,1175 EAST 225 STREET,,2,7,,,,,,,
229,1728 STERLING PLACE,1,1,7,,,,,,,
230,1075 CASTLETON AVENUE,1,8,7,1,,,,,,
231,117 WEST 144 STREET,1,2,7,,,,,,,
232,551 RALPH AVENUE,,,6,,,,,,,
233,2211 PITKIN AVENUE,1,13,6,,,,,,,
234,155 WORTMAN AVENUE,17,23,6,1,,,,,,
235,1861 SCHIEFFELIN PLACE,4,5,6,,,,,,,
236,534 GREENE AVENUE,5,14,6,1,,,,,,
237,1629 PARK PLACE,9,23,6,,,,,,,
238,1325 FRANKLIN AVENUE,1,1,6,,,,,,,
239,1805 CROTONA AVENUE,9,33,6,,,,,,,
240,3800 3 AVENUE,8,3,6,,,,,,,
241,414 BEACH 58 STREET,1,4,6,,,,,,,
242,180 WORTMAN AVENUE,5,9,6,,,,,,,
243,1180 GRENADA PLACE,7,3,6,,,,,,,
244,515 EAST 143 STREET,,1,6,,,,,,,
245,2155 PITKIN AVENUE,4,2,6,,,,,,,
246,811 EAST 167 STREET,3,8,6,1,,,,,,
247,820 HENDERSON AVENUE,5,7,6,1,,,,,,
248,51-15 ALMEDA AVENUE,6,10,6,,,,,,,
249,151 WEST 143 STREET,2,2,6,,,,,,,
250,51-11 ALMEDA AVENUE,3,8,6,,,,,,,
251,315 LEXINGTON AVENUE,2,11,6,1,,,,,,
252,32 GRAFTON STREET,3,5,6,,,,,,,
253,840 HEWITT PLACE,1,3,6,,,,,,,
254,290 CENTRAL AVENUE,4,2,6,2,,,,,,
255,170 TAPSCOTT STREET,8,9,6,,,,,,,
256,200 TEN EYCK WALK,3,2,6,,,,,,,
257,331 LEXINGTON AVENUE,4,,6,3,,,,,,
258,2109 AMSTERDAM AVENUE,6,5,6,,,,,,,
259,1135 EAST 229 STREET,2,10,6,,,,,,,
260,908 ASHFORD STREET,6,15,6,,,,,,,
261,90 TEN EYCK WALK,5,1,5,,,,,,,
262,550 EAST 144 STREET,3,5,5,,,,,,,
263,143 WEST 143 STREET,1,,5,,,,,,,
264,511 HOWARD AVENUE,4,4,5,1,,,,,,
265,440 CENTRAL AVENUE,3,,5,1,,,,,,
266,547 RALPH AVENUE,,,5,,,,,,,
267,1184 NELSON AVENUE,1,6,5,,,,,,,
268,85 TAYLOR STREET,20,19,5,,,,,,,
269,109 TEN EYCK WALK,2,,5,,,,,,,
270,571 HOWARD AVENUE,1,2,5,,,,,,,
271,2407 ADAM C POWELL BOULEVARD,2,16,5,,,,,,,
272,499 GATES AVENUE,8,4,5,,,,,,,
273,129 WEST 144 STREET,6,6,5,,,,,,,
274,202 GRAHAM AVENUE,5,1,5,,,,,,,
275,110 TEN EYCK WALK,3,,5,,,,,,,
276,409 EAST 146 STREET,4,1,5,,,,,,,
277,85 PALMETTO STREET,3,4,5,1,,,,,,
278,239 LINDEN STREET,4,7,5,1,,,,,,
279,3555 BIVONA STREET,,10,5,,,,,,,
280,225 DIVISION AVENUE,11,5,5,,,,,,,
281,500 WEST 164 STREET,3,4,5,,,,,,,
282,218 ROCHESTER AVENUE,4,1,5,,,,,,,
283,1660 PACIFIC STREET,14,8,4,3,,,,,,
284,140 MENAHAN STREET,4,3,4,1,,,,,,
285,1320 GATES AVENUE,4,,4,1,,,,,,
286,360 LEXINGTON AVENUE,12,5,4,1,,,,,,
287,1260 GATES AVENUE,7,1,4,1,,,,,,
288,195 DIVISION AVENUE,15,1,4,,,,,,,
289,1930 SCHIEFFELIN AVENUE,5,5,4,,,,,,,
290,845 CAULDWELL AVENUE,3,5,4,1,,,,,,
291,190 PALMETTO STREET,9,8,4,1,,,,,,
292,310 LEXINGTON AVENUE,2,3,4,,,,,,,
293,1150 UNION AVENUE,7,,4,1,,,,,,
294,159 WEST 143 STREET,2,2,4,,,,,,,
295,1195 EAST 229 STREET,1,1,4,,,,,,,
296,135 WEST 143 STREET,2,,4,,,,,,,
297,715 NOBLE AVENUE,3,10,4,,,,,,,
298,631 JEFFERSON PLACE,5,1,4,,,,,,,
299,1810 LAFAYETTE AVENUE,2,8,4,,,,,,,
300,1804 STERLING PLACE,5,2,4,1,,,,,,
301,1568 STERLING PLACE,3,2,4,,,,,,,
302,440 BERRY STREET,8,,4,,,,,,,
303,215 WORTMAN AVENUE,2,6,4,,,,,,,
304,136 WEST 139 STREET,1,1,3,1,,,,,,
305,1379 FRANKLIN AVENUE,4,4,3,,,,,,,
306,611 EAST 158 STREET,1,5,3,1,,,,,,
307,138 WEST 139 STREET,1,,3,,,,,,,
308,1085 ANDERSON AVENUE,9,3,3,1,,,,,,
309,580 STANLEY AVENUE,4,9,3,,,,,,,
310,520 EAST 144 STREET,,1,3,,,,,,,
311,810 HENDERSON AVENUE,8,4,3,1,,,,,,
312,1141 EAST 229 STREET,,,3,,,,,,,
313,430 BEACH 54 STREET,1,5,3,,,,,,,
314,2537 ADAM C POWELL BOULEVARD,1,,3,,,,,,,
315,415 EVERGREEN AVENUE,10,3,3,1,,,,,,
316,187 TAPSCOTT STREET,2,1,3,,,,,,,
317,1144 NELSON AVENUE,5,11,3,1,,,,,,
318,222 GRAHAM AVENUE,9,,3,,,,,,,
319,4030 LACONIA AVENUE,,2,3,,,,,,,
320,400 CENTRAL AVENUE,3,,3,1,,,,,,
321,121 WILSON STREET,13,9,3,,,,,,,
322,230 BROADWAY,7,6,3,,,,,,,
323,465 WEST 164 STREET,7,5,3,,,,,,,
324,423 EAST 146 STREET,1,2,3,,,,,,,
325,305 LEXINGTON AVENUE,14,8,3,,,,,,,
326,1890 SCHIEFFELIN AVENUE,8,4,3,,,,,,,
327,1065 CASTLETON AVENUE,1,,2,1,,,,,,
328,144 WEST 141 STREET,1,1,2,,,,,,,
329,3033 MIDDLETOWN ROAD,4,4,2,,,,,,,
330,1383 FRANKLIN AVENUE,2,2,2,,,,,,,
331,756 STANLEY AVENUE,5,10,2,,,,,,,
332,340 LEFFERTS AVENUE,,,2,,,,,,,
333,390 WILSON AVENUE,8,2,2,1,,,,,,
334,222 TEN EYCK WALK,5,5,2,,,,,,,
335,3881 BAYCHESTER AVENUE,1,3,2,,,,,,,
336,192 TAPSCOTT STREET,7,5,2,,,,,,,
337,672 RALPH AVENUE,4,1,2,,,,,,,
338,1522 STERLING PLACE,3,,2,,,,,,,
339,514 WEST 176 STREET,2,4,2,,,,,,,
340,1145 LENOX ROAD,1,2,2,,,,,,,
341,695 EAST 139 STREET,3,8,2,,,,,,,
342,294 LEXINGTON AVENUE,14,8,2,1,,,,,,
343,380 LEXINGTON AVENUE,10,,2,1,,,,,,
344,240 WORTMAN AVENUE,3,3,2,,,,,,,
345,360 NOSTRAND AVENUE,,,2,,,,,,,
346,366 CLIFTON PLACE,2,10,2,,,,,,,
347,1390 FRANKLIN AVENUE,2,1,2,,,,,,,
348,510 WEST 176 STREET,1,,2,,,,,,,
349,431 EVERGREEN AVENUE,2,1,2,1,,,,,,
350,920 VERMONT STREET,2,,2,1,,,,,,
351,510 EAST 146 STREET,7,6,2,,,,,,,
352,1724 STERLING PLACE,,,2,,,,,,,
353,95 PALMETTO STREET,2,,2,1,,,,,,
354,1131 226 DRIVE,,2,2,,,,,,,
355,1732 STERLING PLACE,,2,2,,,,,,,
356,525 EAST 143 STREET,2,9,2,,,,,,,
357,1139 NELSON AVENUE,1,3,2,1,,,,,,
358,1761 STERLING PLACE,1,2,2,,,,,,,
359,506 WEST 176 STREET,3,,2,,,,,,,
360,499 HOWARD AVENUE,3,6,2,1,,,,,,
361,435 GATES AVENUE,10,12,2,,,,,,,
362,54-09 ALMEDA AVENUE,8,1,2,,,,,,,
363,535 EAST 143 STREET,,,2,,,,,,,
364,471 GATES AVENUE,1,5,2,2,,,,,,
365,91 SCHOLES STREET,2,1,2,,,,,,,
366,450 WEST 164 STREET,2,1,2,,,,,,,
367,1196 EAST NEW YORK AVENUE,1,,2,,,,,,,
368,457 GATES AVENUE,,4,2,1,,,,,,
369,1766 STERLING PLACE,2,,2,,,,,,,
370,1201 GATES AVENUE,16,8,2,1,,,,,,
371,160 HIMROD STREET,5,1,2,1,,,,,,
372,461 GATES AVENUE,,1,2,1,,,,,,
373,461 WEST 164 STREET,2,2,2,1,,,,,,
374,130 WEST 166 STREET,7,,2,1,,,,,,
375,129 WEST 142 STREET,1,,2,,,,,,,
376,84 SOUTH 10 STREET,7,1,1,,,,,,,
377,270 CENTRAL AVENUE,3,,1,2,,,,,,
378,270 WILSON AVENUE,3,1,1,2,,,,,,
379,2215 PITKIN AVENUE,3,,1,1,,,,,,
380,88 SOUTH 10 STREET,2,1,1,,,,,,,
381,1900 SCHIEFFELIN AVENUE,4,2,1,,,,,,,
382,95 WILSON STREET,1,2,1,,,,,,,
383,385 LEXINGTON AVENUE,4,1,1,,,,,,,
384,806 HENDERSON AVENUE,4,1,1,1,,,,,,
385,390 LEXINGTON AVENUE,1,2,1,,,,,,,
386,1710 LAFAYETTE AVENUE,,3,1,,,,,,,
387,1726 STERLING PLACE,,,1,,,,,,,
388,1141 226 DRIVE,2,,1,1,,,,,,
389,545 GREENE AVENUE,6,1,1,,,,,,,
390,46 SOUTH 10 STREET,1,2,1,,,,,,,
391,455 BARBEY STREET,8,1,1,1,,,,,,
392,449 GATES AVENUE,,,1,1,,,,,,
393,441 GATES AVENUE,3,,1,,,,,,,
394,1120 EAST 229 STREET,3,,1,,,,,,,
395,155 ELDERT STREET,6,,1,1,,,,,,
396,302 LEXINGTON AVENUE,10,32,1,2,,,,,,
397,3841 BAYCHESTER AVENUE,2,1,1,,,,,,,
398,375 LEXINGTON AVENUE,3,5,1,1,,,,,,
399,375 CENTRAL AVENUE,9,4,1,1,,,,,,
400,149 WEST 142 STREET,2,3,1,,,,,,,
401,140 HIMROD STREET,2,,1,1,,,,,,
402,73 WILSON STREET,6,5,1,,,,,,,
403,1880 SCHIEFFELIN AVENUE,4,,1,,,,,,,
404,329 LEXINGTON AVENUE,2,1,1,1,,,,,,
405,190 HARMAN STREET,8,1,1,1,,,,,,
406,1394 FRANKLIN AVENUE,2,6,1,,,,,,,
407,105 PALMETTO STREET,2,1,,1,,,,,,
408,1085 CASTLETON AVENUE,1,,,1,,,,,,
409,109 WEST 144 STREET,1,,,,,,,,,
410,110 WEST 139 STREET,1,,,,,,,,,
411,111 SCHOLES STREET,2,4,,,,,,,,
412,1111 PROSPECT AVENUE,1,,,,,,,,,
413,1115 CASTLETON AVENUE,1,,,,,,,,,
414,1115 PROSPECT AVENUE,4,,,3,,,,,,
415,1153 229 DRIVE SOUTH,,,,1,,,,,,
416,116 WEST 139 STREET,1,,,,,,,,,
417,1165 226 DRIVE,1,8,,,,,,,,
418,1210 GATES AVENUE,3,,,1,,,,,,
419,1229 GREENE AVENUE,3,,,1,,,,,,
420,1230 GATES AVENUE,6,,,2,,,,,,
421,1240 GATES AVENUE,5,1,,1,,,,,,
422,1240 GREENE AVENUE,2,,,,,,,,,
423,125 WEST 166 STREET,1,,,1,,,,,,
424,1280 GREENE AVENUE,3,,,,,,,,,
425,1300 GATES AVENUE,3,,,1,,,,,,
426,1375 FRANKLIN AVENUE,1,,,,,,,,,
427,1392 FRANKLIN AVENUE,1,,,,,,,,,
428,140 HARMAN STREET,2,,,1,,,,,,
429,1411 GATES AVENUE,6,1,,1,,,,,,
430,143 PALMETTO STREET,3,1,,1,,,,,,
431,143 WEST 142 STREET,1,,,,,,,,,
432,145 WEST 142 STREET,1,,,,,,,,,
433,153 WEST 142 STREET,1,,,,,,,,,
434,155 ALASKA STREET,1,,,,,,,,,
435,157 ALASKA STREET,1,,,1,,,,,,
436,159 ALASKA STREET,1,,,1,,,,,,
437,161 PALMETTO STREET,2,,,1,,,,,,
438,1620 PACIFIC STREET,6,,,3,,,,,,
439,1630 PACIFIC STREET,2,,,1,,,,,,
440,1640 PACIFIC STREET,3,,,2,,,,,,
441,1650 PACIFIC STREET,3,,,2,,,,,,
442,1670 PACIFIC STREET,2,,,1,,,,,,
443,170 PALMETTO STREET,2,,,1,,,,,,
444,1720 STERLING PLACE,1,,,,,,,,,
445,1765 STERLING PLACE,2,,,1,,,,,,
446,1767 STERLING PLACE,2,,,1,,,,,,
447,1768 STERLING PLACE,2,,,1,,,,,,
448,1770 STERLING PLACE,2,,,1,,,,,,
449,1772 STERLING PLACE,2,,,1,,,,,,
450,1774 STERLING PLACE,2,,,1,,,,,,
451,1790 STERLING PLACE,1,,,,,,,,,
452,1792 STERLING PLACE,2,,,1,,,,,,
453,1794 STERLING PLACE,2,,,1,,,,,,
454,1796 STERLING PLACE,2,,,1,,,,,,
455,1798 STERLING PLACE,2,,,1,,,,,,
456,180 PALMETTO STREET,2,,,1,,,,,,
457,1800 STERLING PLACE,2,,,1,,,,,,
458,1802 STERLING PLACE,2,,,1,,,,,,
459,181 SCHOLES STREET,1,,,,,,,,,
460,1851 SCHIEFFELIN PLACE,4,3,,,,,,,,
461,186 TEN EYCK WALK,1,2,,,,,,,,
462,1870 SCHIEFFELIN AVENUE,4,,,,,,,,,
463,1881 SCHIEFFELIN PLACE,4,,,,,,,,,
464,1891 SCHIEFFELIN PLACE,5,,,,,,,,,
465,191 WOODBINE STREET,2,1,,1,,,,,,
466,200 PALMETTO STREET,2,,,1,,,,,,
467,210 BROADWAY,1,,,1,,,,,,
468,210 PALMETTO STREET,5,2,,1,,,,,,
469,214 MAUJER STREET,7,,,,,,,,,
470,225 BUFFALO AVENUE,1,,,,,,,,,
471,232 ROCHESTER AVENUE,1,,,,,,,,,
472,240 BROADWAY,4,,,3,,,,,,
473,2409 ADAM C POWELL BOULEVARD,1,,,,,,,,,
474,244 BROADWAY,1,,,1,,,,,,
475,2469 ADAM C POWELL BOULEVARD,1,,,,,,,,,
476,2477 ADAM C POWELL BOULEVARD,1,,,,,,,,,
477,250 LEXINGTON AVENUE,,,,1,,,,,,
478,250 WILSON AVENUE,3,,,1,,,,,,
479,252 LEXINGTON AVENUE,,,,1,,,,,,
480,254 LEXINGTON AVENUE,,,,1,,,,,,
481,260 BROADWAY,1,,,1,,,,,,
482,264 LEXINGTON AVENUE,4,,,1,,,,,,
483,269 CENTRAL AVENUE,3,,,1,,,,,,
484,278 LEXINGTON AVENUE,,,,1,,,,,,
485,280 LEXINGTON AVENUE,,,,1,,,,,,
486,282 LEXINGTON AVENUE,,,,2,,,,,,
487,284 LEXINGTON AVENUE,,,,1,,,,,,
488,286 LEXINGTON AVENUE,,,,1,,,,,,
489,288 LEXINGTON AVENUE,5,8,,1,,,,,,
490,289 CENTRAL AVENUE,3,,,,,,,,,
491,290 LEXINGTON AVENUE,,,,1,,,,,,
492,292 LEXINGTON AVENUE,,,,1,,,,,,
493,296 LEXINGTON AVENUE,2,,,3,,,,,,
494,298 LEXINGTON AVENUE,,,,1,,,,,,
495,300 LEXINGTON AVENUE,,,,2,,,,,,
496,304 LEXINGTON AVENUE,,,,2,,,,,,
497,310 CENTRAL AVENUE,4,,,1,,,,,,
498,320 LEXINGTON AVENUE,2,,,1,,,,,,
499,325 LEXINGTON AVENUE,4,,,3,,,,,,
500,334 HOWARD AVENUE,1,,,,,,,,,
501,336 LEXINGTON AVENUE,1,,,,,,,,,
502,338 LEFFERTS AVENUE,4,12,,,,,,,,
503,342 LEFFERTS AVENUE,,1,,,,,,,,
504,344 CLIFTON PLACE,,,,1,,,,,,
505,346 CLIFTON PLACE,,,,1,,,,,,
506,3475 BIVONA STREET,3,3,,,,,,,,
507,348 CLIFTON PLACE,,,,1,,,,,,
508,350 CLIFTON PLACE,,,,1,,,,,,
509,352 CLIFTON PLACE,,,,1,,,,,,
510,354 CLIFTON PLACE,3,6,,1,,,,,,
511,356 CLIFTON PLACE,,,,1,,,,,,
512,358 CLIFTON PLACE,,,,1,,,,,,
513,360 CLIFTON PLACE,4,5,,1,,,,,,
514,362 CLIFTON PLACE,,13,,1,,,,,,
515,395 LEXINGTON AVENUE,2,,,1,,,,,,
516,399 CENTRAL AVENUE,2,,,1,,,,,,
517,447 GATES AVENUE,,4,,1,,,,,,
518,451 GATES AVENUE,,,,1,,,,,,
519,453 GATES AVENUE,,,,1,,,,,,
520,455 GATES AVENUE,,,,1,,,,,,
521,459 GATES AVENUE,,,,1,,,,,,
522,46 SOUTH 9 STREET,2,,,,,,,,,
523,463 GATES AVENUE,,,,1,,,,,,
524,465 GATES AVENUE,,3,,1,,,,,,
525,467 GATES AVENUE,,,,1,,,,,,
526,469 GATES AVENUE,,,,1,,,,,,
527,473 GATES AVENUE,,,,1,,,,,,
528,475 GATES AVENUE,,5,,1,,,,,,
529,497 HOWARD AVENUE,1,,,,,,,,,
530,503 HOWARD AVENUE,2,,,1,,,,,,
531,504 HOWARD AVENUE,1,2,,,,,,,,
532,505 HOWARD AVENUE,2,,,1,,,,,,
533,506 HOWARD AVENUE,2,,,1,,,,,,
534,508 HOWARD AVENUE,2,,,1,,,,,,
535,509 HOWARD AVENUE,2,,,1,,,,,,
536,511 EAST 143 STREET,1,,,,,,,,,
537,518 GREENE AVENUE,1,,,,,,,,,
538,528 GREENE AVENUE,2,,,1,,,,,,
539,531 EAST 143 STREET,,6,,,,,,,,
540,537 RALPH AVENUE,2,,,,,,,,,
541,539 RALPH AVENUE,3,,,1,,,,,,
542,544 CLAREMONT PARKWAY,2,1,,1,,,,,,
543,560 EAST 144 STREET,1,,,,,,,,,
544,582 HOWARD AVENUE,3,,,2,,,,,,
545,615 EVERGREEN AVENUE,3,,,1,,,,,,
546,670 EVERGREEN AVENUE,3,1,,1,,,,,,
547,690 EVERGREEN AVENUE,3,,,1,,,,,,
548,699 EAST 139 STREET,2,,,,,,,,,
549,821 CAULDWELL AVENUE,1,,,1,,,,,,
550,830 EAGLE AVENUE,1,,,1,,,,,,
551,85 COVERT STREET,4,,,2,,,,,,
552,92 SOUTH 10 STREET,2,,,,,,,,,
553,96 SOUTH 10 STREET,2,,,,,,,,,